dataset,model_key,loss,eval_split,training_seed,strategy,metric,n_queries,mean
course_skill_atlas,bge-base,cached-mnrl,dev,11,CA-HNM-full,NDCG@10,32,0.01944222113278702
course_skill_atlas,bge-base,cached-mnrl,dev,11,CA-HNM-full,MRR@10,32,0.027083333333333334
course_skill_atlas,bge-base,cached-mnrl,dev,11,CA-HNM-full,MAP@100,32,0.005933093877933941
course_skill_atlas,bge-base,cached-mnrl,dev,11,CA-HNM-full,Recall@100,32,0.034375
course_skill_atlas,bge-base,cached-mnrl,dev,11,CA-HNM-rank-matched,NDCG@10,32,0.011251745527761476
course_skill_atlas,bge-base,cached-mnrl,dev,11,CA-HNM-rank-matched,MRR@10,32,0.013578869047619048
course_skill_atlas,bge-base,cached-mnrl,dev,11,CA-HNM-rank-matched,MAP@100,32,0.005449799196866556
course_skill_atlas,bge-base,cached-mnrl,dev,11,CA-HNM-rank-matched,Recall@100,32,0.0371875
course_skill_atlas,bge-base,cached-mnrl,dev,11,DPR-Random,NDCG@10,32,0.0950404019030717
course_skill_atlas,bge-base,cached-mnrl,dev,11,DPR-Random,MRR@10,32,0.16965525793650793
course_skill_atlas,bge-base,cached-mnrl,dev,11,DPR-Random,MAP@100,32,0.02078118013153791
course_skill_atlas,bge-base,cached-mnrl,dev,11,DPR-Random,Recall@100,32,0.084375
course_skill_atlas,bge-base,cached-mnrl,dev,11,DenseNeg,NDCG@10,32,0.05844717253073541
course_skill_atlas,bge-base,cached-mnrl,dev,11,DenseNeg,MRR@10,32,0.1119171626984127
course_skill_atlas,bge-base,cached-mnrl,dev,11,DenseNeg,MAP@100,32,0.012585763779572549
course_skill_atlas,bge-base,cached-mnrl,dev,11,DenseNeg,Recall@100,32,0.0659375
course_skill_atlas,bge-base,cached-mnrl,dev,111,CA-HNM-full,NDCG@10,32,0.015292262496050332
course_skill_atlas,bge-base,cached-mnrl,dev,111,CA-HNM-full,MRR@10,32,0.027083333333333334
course_skill_atlas,bge-base,cached-mnrl,dev,111,CA-HNM-full,MAP@100,32,0.00535381924661101
course_skill_atlas,bge-base,cached-mnrl,dev,111,CA-HNM-full,Recall@100,32,0.03375
course_skill_atlas,bge-base,cached-mnrl,dev,111,CA-HNM-rank-matched,NDCG@10,32,0.016283689360437226
course_skill_atlas,bge-base,cached-mnrl,dev,111,CA-HNM-rank-matched,MRR@10,32,0.020610119047619047
course_skill_atlas,bge-base,cached-mnrl,dev,111,CA-HNM-rank-matched,MAP@100,32,0.006342315092678735
course_skill_atlas,bge-base,cached-mnrl,dev,111,CA-HNM-rank-matched,Recall@100,32,0.0384375
course_skill_atlas,bge-base,cached-mnrl,dev,111,DPR-Random,NDCG@10,32,0.10800041892623244
course_skill_atlas,bge-base,cached-mnrl,dev,111,DPR-Random,MRR@10,32,0.13472222222222222
course_skill_atlas,bge-base,cached-mnrl,dev,111,DPR-Random,MAP@100,32,0.02369945462132352
course_skill_atlas,bge-base,cached-mnrl,dev,111,DPR-Random,Recall@100,32,0.0859375
course_skill_atlas,bge-base,cached-mnrl,dev,111,DenseNeg,NDCG@10,32,0.08539214761958472
course_skill_atlas,bge-base,cached-mnrl,dev,111,DenseNeg,MRR@10,32,0.16786954365079365
course_skill_atlas,bge-base,cached-mnrl,dev,111,DenseNeg,MAP@100,32,0.015212812660922378
course_skill_atlas,bge-base,cached-mnrl,dev,111,DenseNeg,Recall@100,32,0.0675
course_skill_atlas,bge-base,cached-mnrl,dev,22,CA-HNM-full,NDCG@10,32,0.021680042391126402
course_skill_atlas,bge-base,cached-mnrl,dev,22,CA-HNM-full,MRR@10,32,0.057291666666666664
course_skill_atlas,bge-base,cached-mnrl,dev,22,CA-HNM-full,MAP@100,32,0.005879237571761136
course_skill_atlas,bge-base,cached-mnrl,dev,22,CA-HNM-full,Recall@100,32,0.031875
course_skill_atlas,bge-base,cached-mnrl,dev,22,CA-HNM-rank-matched,NDCG@10,32,0.012032754666847353
course_skill_atlas,bge-base,cached-mnrl,dev,22,CA-HNM-rank-matched,MRR@10,32,0.015190972222222222
course_skill_atlas,bge-base,cached-mnrl,dev,22,CA-HNM-rank-matched,MAP@100,32,0.005543720476466924
course_skill_atlas,bge-base,cached-mnrl,dev,22,CA-HNM-rank-matched,Recall@100,32,0.035312500000000004
course_skill_atlas,bge-base,cached-mnrl,dev,22,DPR-Random,NDCG@10,32,0.08204780213963996
course_skill_atlas,bge-base,cached-mnrl,dev,22,DPR-Random,MRR@10,32,0.1695684523809524
course_skill_atlas,bge-base,cached-mnrl,dev,22,DPR-Random,MAP@100,32,0.018615500880771265
course_skill_atlas,bge-base,cached-mnrl,dev,22,DPR-Random,Recall@100,32,0.0775
course_skill_atlas,bge-base,cached-mnrl,dev,22,DenseNeg,NDCG@10,32,0.08009801445545181
course_skill_atlas,bge-base,cached-mnrl,dev,22,DenseNeg,MRR@10,32,0.1501736111111111
course_skill_atlas,bge-base,cached-mnrl,dev,22,DenseNeg,MAP@100,32,0.013360668220291128
course_skill_atlas,bge-base,cached-mnrl,dev,22,DenseNeg,Recall@100,32,0.060625
course_skill_atlas,bge-base,cached-mnrl,dev,33,CA-HNM-full,NDCG@10,32,0.02483951336645528
course_skill_atlas,bge-base,cached-mnrl,dev,33,CA-HNM-full,MRR@10,32,0.04375
course_skill_atlas,bge-base,cached-mnrl,dev,33,CA-HNM-full,MAP@100,32,0.00603733851590555
course_skill_atlas,bge-base,cached-mnrl,dev,33,CA-HNM-full,Recall@100,32,0.0340625
course_skill_atlas,bge-base,cached-mnrl,dev,33,CA-HNM-rank-matched,NDCG@10,32,0.014202480352371642
course_skill_atlas,bge-base,cached-mnrl,dev,33,CA-HNM-rank-matched,MRR@10,32,0.01953125
course_skill_atlas,bge-base,cached-mnrl,dev,33,CA-HNM-rank-matched,MAP@100,32,0.0065243728723531295
course_skill_atlas,bge-base,cached-mnrl,dev,33,CA-HNM-rank-matched,Recall@100,32,0.0396875
course_skill_atlas,bge-base,cached-mnrl,dev,33,DPR-Random,NDCG@10,32,0.0724068718398097
course_skill_atlas,bge-base,cached-mnrl,dev,33,DPR-Random,MRR@10,32,0.11028025793650793
course_skill_atlas,bge-base,cached-mnrl,dev,33,DPR-Random,MAP@100,32,0.01728364974525249
course_skill_atlas,bge-base,cached-mnrl,dev,33,DPR-Random,Recall@100,32,0.076875
course_skill_atlas,bge-base,cached-mnrl,dev,33,DenseNeg,NDCG@10,32,0.11646980610786803
course_skill_atlas,bge-base,cached-mnrl,dev,33,DenseNeg,MRR@10,32,0.22514880952380953
course_skill_atlas,bge-base,cached-mnrl,dev,33,DenseNeg,MAP@100,32,0.018865197183536457
course_skill_atlas,bge-base,cached-mnrl,dev,33,DenseNeg,Recall@100,32,0.0778125
course_skill_atlas,bge-base,cached-mnrl,dev,44,CA-HNM-full,NDCG@10,32,0.01636338041885366
course_skill_atlas,bge-base,cached-mnrl,dev,44,CA-HNM-full,MRR@10,32,0.033854166666666664
course_skill_atlas,bge-base,cached-mnrl,dev,44,CA-HNM-full,MAP@100,32,0.005369390803793535
course_skill_atlas,bge-base,cached-mnrl,dev,44,CA-HNM-full,Recall@100,32,0.031875
course_skill_atlas,bge-base,cached-mnrl,dev,44,CA-HNM-rank-matched,NDCG@10,32,0.009070618280298893
course_skill_atlas,bge-base,cached-mnrl,dev,44,CA-HNM-rank-matched,MRR@10,32,0.013628472222222222
course_skill_atlas,bge-base,cached-mnrl,dev,44,CA-HNM-rank-matched,MAP@100,32,0.005701574309077575
course_skill_atlas,bge-base,cached-mnrl,dev,44,CA-HNM-rank-matched,Recall@100,32,0.0378125
course_skill_atlas,bge-base,cached-mnrl,dev,44,DPR-Random,NDCG@10,32,0.06773915000086889
course_skill_atlas,bge-base,cached-mnrl,dev,44,DPR-Random,MRR@10,32,0.12222222222222222
course_skill_atlas,bge-base,cached-mnrl,dev,44,DPR-Random,MAP@100,32,0.018002329074347373
course_skill_atlas,bge-base,cached-mnrl,dev,44,DPR-Random,Recall@100,32,0.0809375
course_skill_atlas,bge-base,cached-mnrl,dev,44,DenseNeg,NDCG@10,32,0.058326156936557856
course_skill_atlas,bge-base,cached-mnrl,dev,44,DenseNeg,MRR@10,32,0.12646329365079365
course_skill_atlas,bge-base,cached-mnrl,dev,44,DenseNeg,MAP@100,32,0.01331088169906646
course_skill_atlas,bge-base,cached-mnrl,dev,44,DenseNeg,Recall@100,32,0.07
course_skill_atlas,bge-base,cached-mnrl,dev,55,CA-HNM-full,NDCG@10,32,0.025401722274357188
course_skill_atlas,bge-base,cached-mnrl,dev,55,CA-HNM-full,MRR@10,32,0.0546875
course_skill_atlas,bge-base,cached-mnrl,dev,55,CA-HNM-full,MAP@100,32,0.0059351908259999845
course_skill_atlas,bge-base,cached-mnrl,dev,55,CA-HNM-full,Recall@100,32,0.0325
course_skill_atlas,bge-base,cached-mnrl,dev,55,CA-HNM-rank-matched,NDCG@10,32,0.014971440247642721
course_skill_atlas,bge-base,cached-mnrl,dev,55,CA-HNM-rank-matched,MRR@10,32,0.023561507936507936
course_skill_atlas,bge-base,cached-mnrl,dev,55,CA-HNM-rank-matched,MAP@100,32,0.005710892784524043
course_skill_atlas,bge-base,cached-mnrl,dev,55,CA-HNM-rank-matched,Recall@100,32,0.036875
course_skill_atlas,bge-base,cached-mnrl,dev,55,DPR-Random,NDCG@10,32,0.06212572457085394
course_skill_atlas,bge-base,cached-mnrl,dev,55,DPR-Random,MRR@10,32,0.10819692460317461
course_skill_atlas,bge-base,cached-mnrl,dev,55,DPR-Random,MAP@100,32,0.013645771091905732
course_skill_atlas,bge-base,cached-mnrl,dev,55,DPR-Random,Recall@100,32,0.0640625
course_skill_atlas,bge-base,cached-mnrl,dev,55,DenseNeg,NDCG@10,32,0.06565353776299235
course_skill_atlas,bge-base,cached-mnrl,dev,55,DenseNeg,MRR@10,32,0.14947916666666666
course_skill_atlas,bge-base,cached-mnrl,dev,55,DenseNeg,MAP@100,32,0.013847634992980085
course_skill_atlas,bge-base,cached-mnrl,dev,55,DenseNeg,Recall@100,32,0.069375
course_skill_atlas,bge-base,cached-mnrl,dev,66,CA-HNM-full,NDCG@10,32,0.024619153879715264
course_skill_atlas,bge-base,cached-mnrl,dev,66,CA-HNM-full,MRR@10,32,0.07291666666666667
course_skill_atlas,bge-base,cached-mnrl,dev,66,CA-HNM-full,MAP@100,32,0.007085838958180391
course_skill_atlas,bge-base,cached-mnrl,dev,66,CA-HNM-full,Recall@100,32,0.03375
course_skill_atlas,bge-base,cached-mnrl,dev,66,CA-HNM-rank-matched,NDCG@10,32,0.011070169473454426
course_skill_atlas,bge-base,cached-mnrl,dev,66,CA-HNM-rank-matched,MRR@10,32,0.017485119047619048
course_skill_atlas,bge-base,cached-mnrl,dev,66,CA-HNM-rank-matched,MAP@100,32,0.006424486242981597
course_skill_atlas,bge-base,cached-mnrl,dev,66,CA-HNM-rank-matched,Recall@100,32,0.0403125
course_skill_atlas,bge-base,cached-mnrl,dev,66,DPR-Random,NDCG@10,32,0.07910293149818722
course_skill_atlas,bge-base,cached-mnrl,dev,66,DPR-Random,MRR@10,32,0.10615079365079365
course_skill_atlas,bge-base,cached-mnrl,dev,66,DPR-Random,MAP@100,32,0.01741124586183001
course_skill_atlas,bge-base,cached-mnrl,dev,66,DPR-Random,Recall@100,32,0.0746875
course_skill_atlas,bge-base,cached-mnrl,dev,66,DenseNeg,NDCG@10,32,0.06171123905266226
course_skill_atlas,bge-base,cached-mnrl,dev,66,DenseNeg,MRR@10,32,0.14036458333333332
course_skill_atlas,bge-base,cached-mnrl,dev,66,DenseNeg,MAP@100,32,0.013481779414970146
course_skill_atlas,bge-base,cached-mnrl,dev,66,DenseNeg,Recall@100,32,0.0646875
course_skill_atlas,bge-base,cached-mnrl,dev,77,CA-HNM-full,NDCG@10,32,0.011403842874252189
course_skill_atlas,bge-base,cached-mnrl,dev,77,CA-HNM-full,MRR@10,32,0.01830357142857143
course_skill_atlas,bge-base,cached-mnrl,dev,77,CA-HNM-full,MAP@100,32,0.004632819570052258
course_skill_atlas,bge-base,cached-mnrl,dev,77,CA-HNM-full,Recall@100,32,0.0315625
course_skill_atlas,bge-base,cached-mnrl,dev,77,CA-HNM-rank-matched,NDCG@10,32,0.018202395292312205
course_skill_atlas,bge-base,cached-mnrl,dev,77,CA-HNM-rank-matched,MRR@10,32,0.019655257936507936
course_skill_atlas,bge-base,cached-mnrl,dev,77,CA-HNM-rank-matched,MAP@100,32,0.005698004437827016
course_skill_atlas,bge-base,cached-mnrl,dev,77,CA-HNM-rank-matched,Recall@100,32,0.0365625
course_skill_atlas,bge-base,cached-mnrl,dev,77,DPR-Random,NDCG@10,32,0.09325262885052941
course_skill_atlas,bge-base,cached-mnrl,dev,77,DPR-Random,MRR@10,32,0.15922619047619047
course_skill_atlas,bge-base,cached-mnrl,dev,77,DPR-Random,MAP@100,32,0.020064996636052622
course_skill_atlas,bge-base,cached-mnrl,dev,77,DPR-Random,Recall@100,32,0.084375
course_skill_atlas,bge-base,cached-mnrl,dev,77,DenseNeg,NDCG@10,32,0.09300464513718085
course_skill_atlas,bge-base,cached-mnrl,dev,77,DenseNeg,MRR@10,32,0.17916666666666667
course_skill_atlas,bge-base,cached-mnrl,dev,77,DenseNeg,MAP@100,32,0.016745027053586204
course_skill_atlas,bge-base,cached-mnrl,dev,77,DenseNeg,Recall@100,32,0.0765625
course_skill_atlas,bge-base,cached-mnrl,dev,88,CA-HNM-full,NDCG@10,32,0.029628119071707308
course_skill_atlas,bge-base,cached-mnrl,dev,88,CA-HNM-full,MRR@10,32,0.07291666666666667
course_skill_atlas,bge-base,cached-mnrl,dev,88,CA-HNM-full,MAP@100,32,0.006956185740158299
course_skill_atlas,bge-base,cached-mnrl,dev,88,CA-HNM-full,Recall@100,32,0.031875
course_skill_atlas,bge-base,cached-mnrl,dev,88,CA-HNM-rank-matched,NDCG@10,32,0.015398810062111194
course_skill_atlas,bge-base,cached-mnrl,dev,88,CA-HNM-rank-matched,MRR@10,32,0.04175347222222222
course_skill_atlas,bge-base,cached-mnrl,dev,88,CA-HNM-rank-matched,MAP@100,32,0.005321462631336434
course_skill_atlas,bge-base,cached-mnrl,dev,88,CA-HNM-rank-matched,Recall@100,32,0.0328125
course_skill_atlas,bge-base,cached-mnrl,dev,88,DPR-Random,NDCG@10,32,0.055358261397145524
course_skill_atlas,bge-base,cached-mnrl,dev,88,DPR-Random,MRR@10,32,0.10264136904761904
course_skill_atlas,bge-base,cached-mnrl,dev,88,DPR-Random,MAP@100,32,0.017448879012716016
course_skill_atlas,bge-base,cached-mnrl,dev,88,DPR-Random,Recall@100,32,0.0778125
course_skill_atlas,bge-base,cached-mnrl,dev,88,DenseNeg,NDCG@10,32,0.08696983726595817
course_skill_atlas,bge-base,cached-mnrl,dev,88,DenseNeg,MRR@10,32,0.21484375
course_skill_atlas,bge-base,cached-mnrl,dev,88,DenseNeg,MAP@100,32,0.015901949567639528
course_skill_atlas,bge-base,cached-mnrl,dev,88,DenseNeg,Recall@100,32,0.07625
course_skill_atlas,bge-base,cached-mnrl,dev,99,CA-HNM-full,NDCG@10,32,0.0183223295836609
course_skill_atlas,bge-base,cached-mnrl,dev,99,CA-HNM-full,MRR@10,32,0.033854166666666664
course_skill_atlas,bge-base,cached-mnrl,dev,99,CA-HNM-full,MAP@100,32,0.005973285223134751
course_skill_atlas,bge-base,cached-mnrl,dev,99,CA-HNM-full,Recall@100,32,0.0325
course_skill_atlas,bge-base,cached-mnrl,dev,99,CA-HNM-rank-matched,NDCG@10,32,0.022799041985460504
course_skill_atlas,bge-base,cached-mnrl,dev,99,CA-HNM-rank-matched,MRR@10,32,0.044047619047619044
course_skill_atlas,bge-base,cached-mnrl,dev,99,CA-HNM-rank-matched,MAP@100,32,0.006671496364704094
course_skill_atlas,bge-base,cached-mnrl,dev,99,CA-HNM-rank-matched,Recall@100,32,0.0384375
course_skill_atlas,bge-base,cached-mnrl,dev,99,DPR-Random,NDCG@10,32,0.07106154439364448
course_skill_atlas,bge-base,cached-mnrl,dev,99,DPR-Random,MRR@10,32,0.13854166666666667
course_skill_atlas,bge-base,cached-mnrl,dev,99,DPR-Random,MAP@100,32,0.01868844019249168
course_skill_atlas,bge-base,cached-mnrl,dev,99,DPR-Random,Recall@100,32,0.074375
course_skill_atlas,bge-base,cached-mnrl,dev,99,DenseNeg,NDCG@10,32,0.06482801558471081
course_skill_atlas,bge-base,cached-mnrl,dev,99,DenseNeg,MRR@10,32,0.13193204365079364
course_skill_atlas,bge-base,cached-mnrl,dev,99,DenseNeg,MAP@100,32,0.016729764412102718
course_skill_atlas,bge-base,cached-mnrl,dev,99,DenseNeg,Recall@100,32,0.075625
course_skill_atlas,bge-base,triplet,dev,11,CA-HNM-full,NDCG@10,32,0.049836183505454955
course_skill_atlas,bge-base,triplet,dev,11,CA-HNM-full,MRR@10,32,0.10416666666666667
course_skill_atlas,bge-base,triplet,dev,11,CA-HNM-full,MAP@100,32,0.009067921248021003
course_skill_atlas,bge-base,triplet,dev,11,CA-HNM-full,Recall@100,32,0.039375
course_skill_atlas,bge-base,triplet,dev,11,CA-HNM-rank-matched,NDCG@10,32,0.026636095053794422
course_skill_atlas,bge-base,triplet,dev,11,CA-HNM-rank-matched,MRR@10,32,0.058159722222222224
course_skill_atlas,bge-base,triplet,dev,11,CA-HNM-rank-matched,MAP@100,32,0.006993918185497021
course_skill_atlas,bge-base,triplet,dev,11,CA-HNM-rank-matched,Recall@100,32,0.04
course_skill_atlas,bge-base,triplet,dev,11,DPR-Random,NDCG@10,32,0.21403373040079599
course_skill_atlas,bge-base,triplet,dev,11,DPR-Random,MRR@10,32,0.32061011904761905
course_skill_atlas,bge-base,triplet,dev,11,DPR-Random,MAP@100,32,0.06740707086810373
course_skill_atlas,bge-base,triplet,dev,11,DPR-Random,Recall@100,32,0.143125
course_skill_atlas,bge-base,triplet,dev,11,DenseNeg,NDCG@10,32,0.039722151754727986
course_skill_atlas,bge-base,triplet,dev,11,DenseNeg,MRR@10,32,0.09852430555555555
course_skill_atlas,bge-base,triplet,dev,11,DenseNeg,MAP@100,32,0.006924331870169295
course_skill_atlas,bge-base,triplet,dev,11,DenseNeg,Recall@100,32,0.0384375
course_skill_atlas,bge-base,triplet,dev,111,CA-HNM-full,NDCG@10,32,0.05464937336422262
course_skill_atlas,bge-base,triplet,dev,111,CA-HNM-full,MRR@10,32,0.10807291666666667
course_skill_atlas,bge-base,triplet,dev,111,CA-HNM-full,MAP@100,32,0.009843534032278157
course_skill_atlas,bge-base,triplet,dev,111,CA-HNM-full,Recall@100,32,0.04125
course_skill_atlas,bge-base,triplet,dev,111,CA-HNM-rank-matched,NDCG@10,32,0.046295928084474476
course_skill_atlas,bge-base,triplet,dev,111,CA-HNM-rank-matched,MRR@10,32,0.09479166666666666
course_skill_atlas,bge-base,triplet,dev,111,CA-HNM-rank-matched,MAP@100,32,0.00815376355310155
course_skill_atlas,bge-base,triplet,dev,111,CA-HNM-rank-matched,Recall@100,32,0.0403125
course_skill_atlas,bge-base,triplet,dev,111,DPR-Random,NDCG@10,32,0.21982077141617237
course_skill_atlas,bge-base,triplet,dev,111,DPR-Random,MRR@10,32,0.26796875
course_skill_atlas,bge-base,triplet,dev,111,DPR-Random,MAP@100,32,0.08082447434665868
course_skill_atlas,bge-base,triplet,dev,111,DPR-Random,Recall@100,32,0.1709375
course_skill_atlas,bge-base,triplet,dev,111,DenseNeg,NDCG@10,32,0.03719142399569213
course_skill_atlas,bge-base,triplet,dev,111,DenseNeg,MRR@10,32,0.0875
course_skill_atlas,bge-base,triplet,dev,111,DenseNeg,MAP@100,32,0.005989418202546908
course_skill_atlas,bge-base,triplet,dev,111,DenseNeg,Recall@100,32,0.0325
course_skill_atlas,bge-base,triplet,dev,22,CA-HNM-full,NDCG@10,32,0.08159531501227986
course_skill_atlas,bge-base,triplet,dev,22,CA-HNM-full,MRR@10,32,0.1388888888888889
course_skill_atlas,bge-base,triplet,dev,22,CA-HNM-full,MAP@100,32,0.014830378549780272
course_skill_atlas,bge-base,triplet,dev,22,CA-HNM-full,Recall@100,32,0.06
course_skill_atlas,bge-base,triplet,dev,22,CA-HNM-rank-matched,NDCG@10,32,0.09242653674780298
course_skill_atlas,bge-base,triplet,dev,22,CA-HNM-rank-matched,MRR@10,32,0.16831597222222222
course_skill_atlas,bge-base,triplet,dev,22,CA-HNM-rank-matched,MAP@100,32,0.01663680351528827
course_skill_atlas,bge-base,triplet,dev,22,CA-HNM-rank-matched,Recall@100,32,0.0615625
course_skill_atlas,bge-base,triplet,dev,22,DPR-Random,NDCG@10,32,0.19209126669408197
course_skill_atlas,bge-base,triplet,dev,22,DPR-Random,MRR@10,32,0.3170138888888889
course_skill_atlas,bge-base,triplet,dev,22,DPR-Random,MAP@100,32,0.06385872208276192
course_skill_atlas,bge-base,triplet,dev,22,DPR-Random,Recall@100,32,0.14625000000000002
course_skill_atlas,bge-base,triplet,dev,22,DenseNeg,NDCG@10,32,0.03761482517914274
course_skill_atlas,bge-base,triplet,dev,22,DenseNeg,MRR@10,32,0.05498511904761905
course_skill_atlas,bge-base,triplet,dev,22,DenseNeg,MAP@100,32,0.00563215581019234
course_skill_atlas,bge-base,triplet,dev,22,DenseNeg,Recall@100,32,0.035625
course_skill_atlas,bge-base,triplet,dev,33,CA-HNM-full,NDCG@10,32,0.06715871436390015
course_skill_atlas,bge-base,triplet,dev,33,CA-HNM-full,MRR@10,32,0.11901041666666666
course_skill_atlas,bge-base,triplet,dev,33,CA-HNM-full,MAP@100,32,0.012541238971986227
course_skill_atlas,bge-base,triplet,dev,33,CA-HNM-full,Recall@100,32,0.052187500000000005
course_skill_atlas,bge-base,triplet,dev,33,CA-HNM-rank-matched,NDCG@10,32,0.06992991542100324
course_skill_atlas,bge-base,triplet,dev,33,CA-HNM-rank-matched,MRR@10,32,0.10190972222222222
course_skill_atlas,bge-base,triplet,dev,33,CA-HNM-rank-matched,MAP@100,32,0.013696807025060827
course_skill_atlas,bge-base,triplet,dev,33,CA-HNM-rank-matched,Recall@100,32,0.0575
course_skill_atlas,bge-base,triplet,dev,33,DPR-Random,NDCG@10,32,0.26381176451726446
course_skill_atlas,bge-base,triplet,dev,33,DPR-Random,MRR@10,32,0.37135416666666665
course_skill_atlas,bge-base,triplet,dev,33,DPR-Random,MAP@100,32,0.07748105239961571
course_skill_atlas,bge-base,triplet,dev,33,DPR-Random,Recall@100,32,0.1628125
course_skill_atlas,bge-base,triplet,dev,33,DenseNeg,NDCG@10,32,0.06461686328433232
course_skill_atlas,bge-base,triplet,dev,33,DenseNeg,MRR@10,32,0.10168650793650794
course_skill_atlas,bge-base,triplet,dev,33,DenseNeg,MAP@100,32,0.009613508502021298
course_skill_atlas,bge-base,triplet,dev,33,DenseNeg,Recall@100,32,0.0371875
course_skill_atlas,bge-base,triplet,dev,44,CA-HNM-full,NDCG@10,32,0.05437653981780786
course_skill_atlas,bge-base,triplet,dev,44,CA-HNM-full,MRR@10,32,0.08854166666666667
course_skill_atlas,bge-base,triplet,dev,44,CA-HNM-full,MAP@100,32,0.010761611248684045
course_skill_atlas,bge-base,triplet,dev,44,CA-HNM-full,Recall@100,32,0.04875
course_skill_atlas,bge-base,triplet,dev,44,CA-HNM-rank-matched,NDCG@10,32,0.048600764765647265
course_skill_atlas,bge-base,triplet,dev,44,CA-HNM-rank-matched,MRR@10,32,0.08936011904761905
course_skill_atlas,bge-base,triplet,dev,44,CA-HNM-rank-matched,MAP@100,32,0.009367726267837679
course_skill_atlas,bge-base,triplet,dev,44,CA-HNM-rank-matched,Recall@100,32,0.0475
course_skill_atlas,bge-base,triplet,dev,44,DPR-Random,NDCG@10,32,0.20066644291053398
course_skill_atlas,bge-base,triplet,dev,44,DPR-Random,MRR@10,32,0.24739583333333334
course_skill_atlas,bge-base,triplet,dev,44,DPR-Random,MAP@100,32,0.0622546640676766
course_skill_atlas,bge-base,triplet,dev,44,DPR-Random,Recall@100,32,0.1428125
course_skill_atlas,bge-base,triplet,dev,44,DenseNeg,NDCG@10,32,0.0436622560894813
course_skill_atlas,bge-base,triplet,dev,44,DenseNeg,MRR@10,32,0.08024553571428572
course_skill_atlas,bge-base,triplet,dev,44,DenseNeg,MAP@100,32,0.006808933591553544
course_skill_atlas,bge-base,triplet,dev,44,DenseNeg,Recall@100,32,0.0375
course_skill_atlas,bge-base,triplet,dev,55,CA-HNM-full,NDCG@10,32,0.06223456983840449
course_skill_atlas,bge-base,triplet,dev,55,CA-HNM-full,MRR@10,32,0.10416666666666667
course_skill_atlas,bge-base,triplet,dev,55,CA-HNM-full,MAP@100,32,0.012705805286104464
course_skill_atlas,bge-base,triplet,dev,55,CA-HNM-full,Recall@100,32,0.05375
course_skill_atlas,bge-base,triplet,dev,55,CA-HNM-rank-matched,NDCG@10,32,0.055879327625284705
course_skill_atlas,bge-base,triplet,dev,55,CA-HNM-rank-matched,MRR@10,32,0.10420386904761905
course_skill_atlas,bge-base,triplet,dev,55,CA-HNM-rank-matched,MAP@100,32,0.010019325314824305
course_skill_atlas,bge-base,triplet,dev,55,CA-HNM-rank-matched,Recall@100,32,0.0490625
course_skill_atlas,bge-base,triplet,dev,55,DPR-Random,NDCG@10,32,0.3147213978366237
course_skill_atlas,bge-base,triplet,dev,55,DPR-Random,MRR@10,32,0.4359375
course_skill_atlas,bge-base,triplet,dev,55,DPR-Random,MAP@100,32,0.0925822293547585
course_skill_atlas,bge-base,triplet,dev,55,DPR-Random,Recall@100,32,0.178125
course_skill_atlas,bge-base,triplet,dev,55,DenseNeg,NDCG@10,32,0.02926121333196039
course_skill_atlas,bge-base,triplet,dev,55,DenseNeg,MRR@10,32,0.05758928571428571
course_skill_atlas,bge-base,triplet,dev,55,DenseNeg,MAP@100,32,0.00586310970681039
course_skill_atlas,bge-base,triplet,dev,55,DenseNeg,Recall@100,32,0.03875
course_skill_atlas,bge-base,triplet,dev,66,CA-HNM-full,NDCG@10,32,0.04832151110479588
course_skill_atlas,bge-base,triplet,dev,66,CA-HNM-full,MRR@10,32,0.09513888888888888
course_skill_atlas,bge-base,triplet,dev,66,CA-HNM-full,MAP@100,32,0.010746080834327524
course_skill_atlas,bge-base,triplet,dev,66,CA-HNM-full,Recall@100,32,0.045625000000000006
course_skill_atlas,bge-base,triplet,dev,66,CA-HNM-rank-matched,NDCG@10,32,0.05480967627717865
course_skill_atlas,bge-base,triplet,dev,66,CA-HNM-rank-matched,MRR@10,32,0.1119295634920635
course_skill_atlas,bge-base,triplet,dev,66,CA-HNM-rank-matched,MAP@100,32,0.01034540352020632
course_skill_atlas,bge-base,triplet,dev,66,CA-HNM-rank-matched,Recall@100,32,0.049375
course_skill_atlas,bge-base,triplet,dev,66,DPR-Random,NDCG@10,32,0.23894763577020856
course_skill_atlas,bge-base,triplet,dev,66,DPR-Random,MRR@10,32,0.31258680555555557
course_skill_atlas,bge-base,triplet,dev,66,DPR-Random,MAP@100,32,0.06825024137678536
course_skill_atlas,bge-base,triplet,dev,66,DPR-Random,Recall@100,32,0.1475
course_skill_atlas,bge-base,triplet,dev,66,DenseNeg,NDCG@10,32,0.03877865597216344
course_skill_atlas,bge-base,triplet,dev,66,DenseNeg,MRR@10,32,0.090625
course_skill_atlas,bge-base,triplet,dev,66,DenseNeg,MAP@100,32,0.008343600311534284
course_skill_atlas,bge-base,triplet,dev,66,DenseNeg,Recall@100,32,0.045625
course_skill_atlas,bge-base,triplet,dev,77,CA-HNM-full,NDCG@10,32,0.054497014760570985
course_skill_atlas,bge-base,triplet,dev,77,CA-HNM-full,MRR@10,32,0.0920138888888889
course_skill_atlas,bge-base,triplet,dev,77,CA-HNM-full,MAP@100,32,0.011642986423091056
course_skill_atlas,bge-base,triplet,dev,77,CA-HNM-full,Recall@100,32,0.0490625
course_skill_atlas,bge-base,triplet,dev,77,CA-HNM-rank-matched,NDCG@10,32,0.055400756129105
course_skill_atlas,bge-base,triplet,dev,77,CA-HNM-rank-matched,MRR@10,32,0.10967261904761905
course_skill_atlas,bge-base,triplet,dev,77,CA-HNM-rank-matched,MAP@100,32,0.010534812988280823
course_skill_atlas,bge-base,triplet,dev,77,CA-HNM-rank-matched,Recall@100,32,0.04875
course_skill_atlas,bge-base,triplet,dev,77,DPR-Random,NDCG@10,32,0.2482074884076034
course_skill_atlas,bge-base,triplet,dev,77,DPR-Random,MRR@10,32,0.38515625
course_skill_atlas,bge-base,triplet,dev,77,DPR-Random,MAP@100,32,0.06792357103940196
course_skill_atlas,bge-base,triplet,dev,77,DPR-Random,Recall@100,32,0.1575
course_skill_atlas,bge-base,triplet,dev,77,DenseNeg,NDCG@10,32,0.0429440371285601
course_skill_atlas,bge-base,triplet,dev,77,DenseNeg,MRR@10,32,0.07173859126984126
course_skill_atlas,bge-base,triplet,dev,77,DenseNeg,MAP@100,32,0.006226193586856868
course_skill_atlas,bge-base,triplet,dev,77,DenseNeg,Recall@100,32,0.035312500000000004
course_skill_atlas,bge-base,triplet,dev,88,CA-HNM-full,NDCG@10,32,0.057275686314870795
course_skill_atlas,bge-base,triplet,dev,88,CA-HNM-full,MRR@10,32,0.08854166666666667
course_skill_atlas,bge-base,triplet,dev,88,CA-HNM-full,MAP@100,32,0.011516934982141023
course_skill_atlas,bge-base,triplet,dev,88,CA-HNM-full,Recall@100,32,0.0478125
course_skill_atlas,bge-base,triplet,dev,88,CA-HNM-rank-matched,NDCG@10,32,0.061617076591993024
course_skill_atlas,bge-base,triplet,dev,88,CA-HNM-rank-matched,MRR@10,32,0.10863095238095238
course_skill_atlas,bge-base,triplet,dev,88,CA-HNM-rank-matched,MAP@100,32,0.011351786781749118
course_skill_atlas,bge-base,triplet,dev,88,CA-HNM-rank-matched,Recall@100,32,0.053125
course_skill_atlas,bge-base,triplet,dev,88,DPR-Random,NDCG@10,32,0.15942548885016153
course_skill_atlas,bge-base,triplet,dev,88,DPR-Random,MRR@10,32,0.23232886904761904
course_skill_atlas,bge-base,triplet,dev,88,DPR-Random,MAP@100,32,0.06246409789468627
course_skill_atlas,bge-base,triplet,dev,88,DPR-Random,Recall@100,32,0.1471875
course_skill_atlas,bge-base,triplet,dev,88,DenseNeg,NDCG@10,32,0.04627494355651322
course_skill_atlas,bge-base,triplet,dev,88,DenseNeg,MRR@10,32,0.11779513888888889
course_skill_atlas,bge-base,triplet,dev,88,DenseNeg,MAP@100,32,0.007469428178222276
course_skill_atlas,bge-base,triplet,dev,88,DenseNeg,Recall@100,32,0.033125
course_skill_atlas,bge-base,triplet,dev,99,CA-HNM-full,NDCG@10,32,0.054851778024110856
course_skill_atlas,bge-base,triplet,dev,99,CA-HNM-full,MRR@10,32,0.11388888888888889
course_skill_atlas,bge-base,triplet,dev,99,CA-HNM-full,MAP@100,32,0.011027248385285543
course_skill_atlas,bge-base,triplet,dev,99,CA-HNM-full,Recall@100,32,0.0471875
course_skill_atlas,bge-base,triplet,dev,99,CA-HNM-rank-matched,NDCG@10,32,0.05706183383576838
course_skill_atlas,bge-base,triplet,dev,99,CA-HNM-rank-matched,MRR@10,32,0.09647817460317461
course_skill_atlas,bge-base,triplet,dev,99,CA-HNM-rank-matched,MAP@100,32,0.01154776541420625
course_skill_atlas,bge-base,triplet,dev,99,CA-HNM-rank-matched,Recall@100,32,0.0528125
course_skill_atlas,bge-base,triplet,dev,99,DPR-Random,NDCG@10,32,0.23101424189650896
course_skill_atlas,bge-base,triplet,dev,99,DPR-Random,MRR@10,32,0.3126240079365079
course_skill_atlas,bge-base,triplet,dev,99,DPR-Random,MAP@100,32,0.06952459514200954
course_skill_atlas,bge-base,triplet,dev,99,DPR-Random,Recall@100,32,0.15375
course_skill_atlas,bge-base,triplet,dev,99,DenseNeg,NDCG@10,32,0.06724653323135028
course_skill_atlas,bge-base,triplet,dev,99,DenseNeg,MRR@10,32,0.13939732142857142
course_skill_atlas,bge-base,triplet,dev,99,DenseNeg,MAP@100,32,0.01125196545436337
course_skill_atlas,bge-base,triplet,dev,99,DenseNeg,Recall@100,32,0.0475
course_skill_atlas,e5-base,cached-mnrl,dev,11,CA-HNM-full,NDCG@10,32,0.06191971394622005
course_skill_atlas,e5-base,cached-mnrl,dev,11,CA-HNM-full,MRR@10,32,0.071875
course_skill_atlas,e5-base,cached-mnrl,dev,11,CA-HNM-full,MAP@100,32,0.017693590662961653
course_skill_atlas,e5-base,cached-mnrl,dev,11,CA-HNM-full,Recall@100,32,0.074375
course_skill_atlas,e5-base,cached-mnrl,dev,11,CA-HNM-rank-matched,NDCG@10,32,0.06555879538895118
course_skill_atlas,e5-base,cached-mnrl,dev,11,CA-HNM-rank-matched,MRR@10,32,0.09982638888888888
course_skill_atlas,e5-base,cached-mnrl,dev,11,CA-HNM-rank-matched,MAP@100,32,0.016579298951933066
course_skill_atlas,e5-base,cached-mnrl,dev,11,CA-HNM-rank-matched,Recall@100,32,0.0746875
course_skill_atlas,e5-base,cached-mnrl,dev,11,DPR-Random,NDCG@10,32,0.1429302198589418
course_skill_atlas,e5-base,cached-mnrl,dev,11,DPR-Random,MRR@10,32,0.2214657738095238
course_skill_atlas,e5-base,cached-mnrl,dev,11,DPR-Random,MAP@100,32,0.04189048520050341
course_skill_atlas,e5-base,cached-mnrl,dev,11,DPR-Random,Recall@100,32,0.1365625
course_skill_atlas,e5-base,cached-mnrl,dev,11,DenseNeg,NDCG@10,32,0.07811522149986422
course_skill_atlas,e5-base,cached-mnrl,dev,11,DenseNeg,MRR@10,32,0.19248511904761906
course_skill_atlas,e5-base,cached-mnrl,dev,11,DenseNeg,MAP@100,32,0.014783219878661982
course_skill_atlas,e5-base,cached-mnrl,dev,11,DenseNeg,Recall@100,32,0.073125
course_skill_atlas,e5-base,cached-mnrl,dev,111,CA-HNM-full,NDCG@10,32,0.07496104670004951
course_skill_atlas,e5-base,cached-mnrl,dev,111,CA-HNM-full,MRR@10,32,0.09192708333333334
course_skill_atlas,e5-base,cached-mnrl,dev,111,CA-HNM-full,MAP@100,32,0.0205670521889881
course_skill_atlas,e5-base,cached-mnrl,dev,111,CA-HNM-full,Recall@100,32,0.085625
course_skill_atlas,e5-base,cached-mnrl,dev,111,CA-HNM-rank-matched,NDCG@10,32,0.07585219238569649
course_skill_atlas,e5-base,cached-mnrl,dev,111,CA-HNM-rank-matched,MRR@10,32,0.10104166666666667
course_skill_atlas,e5-base,cached-mnrl,dev,111,CA-HNM-rank-matched,MAP@100,32,0.01753894422614045
course_skill_atlas,e5-base,cached-mnrl,dev,111,CA-HNM-rank-matched,Recall@100,32,0.074375
course_skill_atlas,e5-base,cached-mnrl,dev,111,DPR-Random,NDCG@10,32,0.18796155222257127
course_skill_atlas,e5-base,cached-mnrl,dev,111,DPR-Random,MRR@10,32,0.2709573412698413
course_skill_atlas,e5-base,cached-mnrl,dev,111,DPR-Random,MAP@100,32,0.04129385079954104
course_skill_atlas,e5-base,cached-mnrl,dev,111,DPR-Random,Recall@100,32,0.1246875
course_skill_atlas,e5-base,cached-mnrl,dev,111,DenseNeg,NDCG@10,32,0.067977268473996
course_skill_atlas,e5-base,cached-mnrl,dev,111,DenseNeg,MRR@10,32,0.09791666666666667
course_skill_atlas,e5-base,cached-mnrl,dev,111,DenseNeg,MAP@100,32,0.014040004917812368
course_skill_atlas,e5-base,cached-mnrl,dev,111,DenseNeg,Recall@100,32,0.0703125
course_skill_atlas,e5-base,cached-mnrl,dev,22,CA-HNM-full,NDCG@10,32,0.06822430703477168
course_skill_atlas,e5-base,cached-mnrl,dev,22,CA-HNM-full,MRR@10,32,0.08102678571428572
course_skill_atlas,e5-base,cached-mnrl,dev,22,CA-HNM-full,MAP@100,32,0.01715302143552979
course_skill_atlas,e5-base,cached-mnrl,dev,22,CA-HNM-full,Recall@100,32,0.0709375
course_skill_atlas,e5-base,cached-mnrl,dev,22,CA-HNM-rank-matched,NDCG@10,32,0.05833576725880967
course_skill_atlas,e5-base,cached-mnrl,dev,22,CA-HNM-rank-matched,MRR@10,32,0.07395833333333333
course_skill_atlas,e5-base,cached-mnrl,dev,22,CA-HNM-rank-matched,MAP@100,32,0.01540250572780731
course_skill_atlas,e5-base,cached-mnrl,dev,22,CA-HNM-rank-matched,Recall@100,32,0.073125
course_skill_atlas,e5-base,cached-mnrl,dev,22,DPR-Random,NDCG@10,32,0.2225685035362661
course_skill_atlas,e5-base,cached-mnrl,dev,22,DPR-Random,MRR@10,32,0.308234126984127
course_skill_atlas,e5-base,cached-mnrl,dev,22,DPR-Random,MAP@100,32,0.05245825644063905
course_skill_atlas,e5-base,cached-mnrl,dev,22,DPR-Random,Recall@100,32,0.13875
course_skill_atlas,e5-base,cached-mnrl,dev,22,DenseNeg,NDCG@10,32,0.07768723163281879
course_skill_atlas,e5-base,cached-mnrl,dev,22,DenseNeg,MRR@10,32,0.12916666666666665
course_skill_atlas,e5-base,cached-mnrl,dev,22,DenseNeg,MAP@100,32,0.014093401630717425
course_skill_atlas,e5-base,cached-mnrl,dev,22,DenseNeg,Recall@100,32,0.0746875
course_skill_atlas,e5-base,cached-mnrl,dev,33,CA-HNM-full,NDCG@10,32,0.08711728902652405
course_skill_atlas,e5-base,cached-mnrl,dev,33,CA-HNM-full,MRR@10,32,0.11258680555555556
course_skill_atlas,e5-base,cached-mnrl,dev,33,CA-HNM-full,MAP@100,32,0.020019333776367873
course_skill_atlas,e5-base,cached-mnrl,dev,33,CA-HNM-full,Recall@100,32,0.0753125
course_skill_atlas,e5-base,cached-mnrl,dev,33,CA-HNM-rank-matched,NDCG@10,32,0.0826181093624247
course_skill_atlas,e5-base,cached-mnrl,dev,33,CA-HNM-rank-matched,MRR@10,32,0.08993055555555556
course_skill_atlas,e5-base,cached-mnrl,dev,33,CA-HNM-rank-matched,MAP@100,32,0.018957802677905214
course_skill_atlas,e5-base,cached-mnrl,dev,33,CA-HNM-rank-matched,Recall@100,32,0.0746875
course_skill_atlas,e5-base,cached-mnrl,dev,33,DPR-Random,NDCG@10,32,0.19908054135850395
course_skill_atlas,e5-base,cached-mnrl,dev,33,DPR-Random,MRR@10,32,0.21705109126984126
course_skill_atlas,e5-base,cached-mnrl,dev,33,DPR-Random,MAP@100,32,0.04275034611324017
course_skill_atlas,e5-base,cached-mnrl,dev,33,DPR-Random,Recall@100,32,0.125
course_skill_atlas,e5-base,cached-mnrl,dev,33,DenseNeg,NDCG@10,32,0.06376383450300815
course_skill_atlas,e5-base,cached-mnrl,dev,33,DenseNeg,MRR@10,32,0.13883928571428572
course_skill_atlas,e5-base,cached-mnrl,dev,33,DenseNeg,MAP@100,32,0.012581977308629432
course_skill_atlas,e5-base,cached-mnrl,dev,33,DenseNeg,Recall@100,32,0.07125
course_skill_atlas,e5-base,cached-mnrl,dev,44,CA-HNM-full,NDCG@10,32,0.07512303261019834
course_skill_atlas,e5-base,cached-mnrl,dev,44,CA-HNM-full,MRR@10,32,0.08697916666666666
course_skill_atlas,e5-base,cached-mnrl,dev,44,CA-HNM-full,MAP@100,32,0.02121770037302198
course_skill_atlas,e5-base,cached-mnrl,dev,44,CA-HNM-full,Recall@100,32,0.0815625
course_skill_atlas,e5-base,cached-mnrl,dev,44,CA-HNM-rank-matched,NDCG@10,32,0.10736154838795288
course_skill_atlas,e5-base,cached-mnrl,dev,44,CA-HNM-rank-matched,MRR@10,32,0.15347222222222223
course_skill_atlas,e5-base,cached-mnrl,dev,44,CA-HNM-rank-matched,MAP@100,32,0.023461789324660278
course_skill_atlas,e5-base,cached-mnrl,dev,44,CA-HNM-rank-matched,Recall@100,32,0.085625
course_skill_atlas,e5-base,cached-mnrl,dev,44,DPR-Random,NDCG@10,32,0.24886460483437017
course_skill_atlas,e5-base,cached-mnrl,dev,44,DPR-Random,MRR@10,32,0.3477802579365079
course_skill_atlas,e5-base,cached-mnrl,dev,44,DPR-Random,MAP@100,32,0.06781484383246754
course_skill_atlas,e5-base,cached-mnrl,dev,44,DPR-Random,Recall@100,32,0.190625
course_skill_atlas,e5-base,cached-mnrl,dev,44,DenseNeg,NDCG@10,32,0.07244933872134922
course_skill_atlas,e5-base,cached-mnrl,dev,44,DenseNeg,MRR@10,32,0.15811011904761904
course_skill_atlas,e5-base,cached-mnrl,dev,44,DenseNeg,MAP@100,32,0.013195354367153543
course_skill_atlas,e5-base,cached-mnrl,dev,44,DenseNeg,Recall@100,32,0.066875
course_skill_atlas,e5-base,cached-mnrl,dev,55,CA-HNM-full,NDCG@10,32,0.0801692372676315
course_skill_atlas,e5-base,cached-mnrl,dev,55,CA-HNM-full,MRR@10,32,0.11241319444444445
course_skill_atlas,e5-base,cached-mnrl,dev,55,CA-HNM-full,MAP@100,32,0.020087915389517295
course_skill_atlas,e5-base,cached-mnrl,dev,55,CA-HNM-full,Recall@100,32,0.08
course_skill_atlas,e5-base,cached-mnrl,dev,55,CA-HNM-rank-matched,NDCG@10,32,0.06036775974851356
course_skill_atlas,e5-base,cached-mnrl,dev,55,CA-HNM-rank-matched,MRR@10,32,0.10130208333333333
course_skill_atlas,e5-base,cached-mnrl,dev,55,CA-HNM-rank-matched,MAP@100,32,0.01641784521583393
course_skill_atlas,e5-base,cached-mnrl,dev,55,CA-HNM-rank-matched,Recall@100,32,0.0803125
course_skill_atlas,e5-base,cached-mnrl,dev,55,DPR-Random,NDCG@10,32,0.1844581725550351
course_skill_atlas,e5-base,cached-mnrl,dev,55,DPR-Random,MRR@10,32,0.26418650793650794
course_skill_atlas,e5-base,cached-mnrl,dev,55,DPR-Random,MAP@100,32,0.04379407091662173
course_skill_atlas,e5-base,cached-mnrl,dev,55,DPR-Random,Recall@100,32,0.13625
course_skill_atlas,e5-base,cached-mnrl,dev,55,DenseNeg,NDCG@10,32,0.0914955575254257
course_skill_atlas,e5-base,cached-mnrl,dev,55,DenseNeg,MRR@10,32,0.14639136904761904
course_skill_atlas,e5-base,cached-mnrl,dev,55,DenseNeg,MAP@100,32,0.014093030371200431
course_skill_atlas,e5-base,cached-mnrl,dev,55,DenseNeg,Recall@100,32,0.0671875
course_skill_atlas,e5-base,cached-mnrl,dev,66,CA-HNM-full,NDCG@10,32,0.07279831547579639
course_skill_atlas,e5-base,cached-mnrl,dev,66,CA-HNM-full,MRR@10,32,0.09352678571428572
course_skill_atlas,e5-base,cached-mnrl,dev,66,CA-HNM-full,MAP@100,32,0.02004434305232362
course_skill_atlas,e5-base,cached-mnrl,dev,66,CA-HNM-full,Recall@100,32,0.085625
course_skill_atlas,e5-base,cached-mnrl,dev,66,CA-HNM-rank-matched,NDCG@10,32,0.08987874858504247
course_skill_atlas,e5-base,cached-mnrl,dev,66,CA-HNM-rank-matched,MRR@10,32,0.12630208333333334
course_skill_atlas,e5-base,cached-mnrl,dev,66,CA-HNM-rank-matched,MAP@100,32,0.02028879924195969
course_skill_atlas,e5-base,cached-mnrl,dev,66,CA-HNM-rank-matched,Recall@100,32,0.0825
course_skill_atlas,e5-base,cached-mnrl,dev,66,DPR-Random,NDCG@10,32,0.19420544678393578
course_skill_atlas,e5-base,cached-mnrl,dev,66,DPR-Random,MRR@10,32,0.2658358134920635
course_skill_atlas,e5-base,cached-mnrl,dev,66,DPR-Random,MAP@100,32,0.053025700647633206
course_skill_atlas,e5-base,cached-mnrl,dev,66,DPR-Random,Recall@100,32,0.1571875
course_skill_atlas,e5-base,cached-mnrl,dev,66,DenseNeg,NDCG@10,32,0.10437004666324141
course_skill_atlas,e5-base,cached-mnrl,dev,66,DenseNeg,MRR@10,32,0.17017609126984126
course_skill_atlas,e5-base,cached-mnrl,dev,66,DenseNeg,MAP@100,32,0.014895455513450458
course_skill_atlas,e5-base,cached-mnrl,dev,66,DenseNeg,Recall@100,32,0.0675
course_skill_atlas,e5-base,cached-mnrl,dev,77,CA-HNM-full,NDCG@10,32,0.0847382720229563
course_skill_atlas,e5-base,cached-mnrl,dev,77,CA-HNM-full,MRR@10,32,0.12578125
course_skill_atlas,e5-base,cached-mnrl,dev,77,CA-HNM-full,MAP@100,32,0.019071938574286174
course_skill_atlas,e5-base,cached-mnrl,dev,77,CA-HNM-full,Recall@100,32,0.074375
course_skill_atlas,e5-base,cached-mnrl,dev,77,CA-HNM-rank-matched,NDCG@10,32,0.07883735367020454
course_skill_atlas,e5-base,cached-mnrl,dev,77,CA-HNM-rank-matched,MRR@10,32,0.10837053571428572
course_skill_atlas,e5-base,cached-mnrl,dev,77,CA-HNM-rank-matched,MAP@100,32,0.016740082463214255
course_skill_atlas,e5-base,cached-mnrl,dev,77,CA-HNM-rank-matched,Recall@100,32,0.07125000000000001
course_skill_atlas,e5-base,cached-mnrl,dev,77,DPR-Random,NDCG@10,32,0.1186534591700946
course_skill_atlas,e5-base,cached-mnrl,dev,77,DPR-Random,MRR@10,32,0.18215525793650794
course_skill_atlas,e5-base,cached-mnrl,dev,77,DPR-Random,MAP@100,32,0.035848856772242074
course_skill_atlas,e5-base,cached-mnrl,dev,77,DPR-Random,Recall@100,32,0.12562500000000001
course_skill_atlas,e5-base,cached-mnrl,dev,77,DenseNeg,NDCG@10,32,0.09900594242804805
course_skill_atlas,e5-base,cached-mnrl,dev,77,DenseNeg,MRR@10,32,0.1339781746031746
course_skill_atlas,e5-base,cached-mnrl,dev,77,DenseNeg,MAP@100,32,0.014437001553768395
course_skill_atlas,e5-base,cached-mnrl,dev,77,DenseNeg,Recall@100,32,0.06625
course_skill_atlas,e5-base,cached-mnrl,dev,88,CA-HNM-full,NDCG@10,32,0.06580904250705563
course_skill_atlas,e5-base,cached-mnrl,dev,88,CA-HNM-full,MRR@10,32,0.07712053571428572
course_skill_atlas,e5-base,cached-mnrl,dev,88,CA-HNM-full,MAP@100,32,0.017157216088546867
course_skill_atlas,e5-base,cached-mnrl,dev,88,CA-HNM-full,Recall@100,32,0.07125
course_skill_atlas,e5-base,cached-mnrl,dev,88,CA-HNM-rank-matched,NDCG@10,32,0.08068422060817905
course_skill_atlas,e5-base,cached-mnrl,dev,88,CA-HNM-rank-matched,MRR@10,32,0.11979166666666667
course_skill_atlas,e5-base,cached-mnrl,dev,88,CA-HNM-rank-matched,MAP@100,32,0.01792128654218926
course_skill_atlas,e5-base,cached-mnrl,dev,88,CA-HNM-rank-matched,Recall@100,32,0.0725
course_skill_atlas,e5-base,cached-mnrl,dev,88,DPR-Random,NDCG@10,32,0.1045762644912346
course_skill_atlas,e5-base,cached-mnrl,dev,88,DPR-Random,MRR@10,32,0.12116815476190476
course_skill_atlas,e5-base,cached-mnrl,dev,88,DPR-Random,MAP@100,32,0.040761341389138346
course_skill_atlas,e5-base,cached-mnrl,dev,88,DPR-Random,Recall@100,32,0.1309375
course_skill_atlas,e5-base,cached-mnrl,dev,88,DenseNeg,NDCG@10,32,0.06606225663628171
course_skill_atlas,e5-base,cached-mnrl,dev,88,DenseNeg,MRR@10,32,0.1401909722222222
course_skill_atlas,e5-base,cached-mnrl,dev,88,DenseNeg,MAP@100,32,0.011371938488404731
course_skill_atlas,e5-base,cached-mnrl,dev,88,DenseNeg,Recall@100,32,0.0584375
course_skill_atlas,e5-base,cached-mnrl,dev,99,CA-HNM-full,NDCG@10,32,0.06747357217288621
course_skill_atlas,e5-base,cached-mnrl,dev,99,CA-HNM-full,MRR@10,32,0.08189484126984127
course_skill_atlas,e5-base,cached-mnrl,dev,99,CA-HNM-full,MAP@100,32,0.0168784189483785
course_skill_atlas,e5-base,cached-mnrl,dev,99,CA-HNM-full,Recall@100,32,0.065625
course_skill_atlas,e5-base,cached-mnrl,dev,99,CA-HNM-rank-matched,NDCG@10,32,0.06486032515339282
course_skill_atlas,e5-base,cached-mnrl,dev,99,CA-HNM-rank-matched,MRR@10,32,0.10446428571428572
course_skill_atlas,e5-base,cached-mnrl,dev,99,CA-HNM-rank-matched,MAP@100,32,0.016882198102778606
course_skill_atlas,e5-base,cached-mnrl,dev,99,CA-HNM-rank-matched,Recall@100,32,0.071875
course_skill_atlas,e5-base,cached-mnrl,dev,99,DPR-Random,NDCG@10,32,0.17373276665902376
course_skill_atlas,e5-base,cached-mnrl,dev,99,DPR-Random,MRR@10,32,0.2234250992063492
course_skill_atlas,e5-base,cached-mnrl,dev,99,DPR-Random,MAP@100,32,0.057020591628348924
course_skill_atlas,e5-base,cached-mnrl,dev,99,DPR-Random,Recall@100,32,0.175625
course_skill_atlas,e5-base,cached-mnrl,dev,99,DenseNeg,NDCG@10,32,0.07590463886802198
course_skill_atlas,e5-base,cached-mnrl,dev,99,DenseNeg,MRR@10,32,0.13988095238095238
course_skill_atlas,e5-base,cached-mnrl,dev,99,DenseNeg,MAP@100,32,0.013726556639614963
course_skill_atlas,e5-base,cached-mnrl,dev,99,DenseNeg,Recall@100,32,0.0703125
course_skill_atlas,e5-base,triplet,dev,11,CA-HNM-full,NDCG@10,32,0.3127812661804298
course_skill_atlas,e5-base,triplet,dev,11,CA-HNM-full,MRR@10,32,0.4992559523809524
course_skill_atlas,e5-base,triplet,dev,11,CA-HNM-full,MAP@100,32,0.06264394471715269
course_skill_atlas,e5-base,triplet,dev,11,CA-HNM-full,Recall@100,32,0.14250000000000002
course_skill_atlas,e5-base,triplet,dev,11,CA-HNM-rank-matched,NDCG@10,32,0.18590727328084142
course_skill_atlas,e5-base,triplet,dev,11,CA-HNM-rank-matched,MRR@10,32,0.3407118055555556
course_skill_atlas,e5-base,triplet,dev,11,CA-HNM-rank-matched,MAP@100,32,0.034583692068896554
course_skill_atlas,e5-base,triplet,dev,11,CA-HNM-rank-matched,Recall@100,32,0.0978125
course_skill_atlas,e5-base,triplet,dev,11,DPR-Random,NDCG@10,32,0.06319774772814553
course_skill_atlas,e5-base,triplet,dev,11,DPR-Random,MRR@10,32,0.09378720238095238
course_skill_atlas,e5-base,triplet,dev,11,DPR-Random,MAP@100,32,0.015152735883694925
course_skill_atlas,e5-base,triplet,dev,11,DPR-Random,Recall@100,32,0.061875
course_skill_atlas,e5-base,triplet,dev,11,DenseNeg,NDCG@10,32,0.027005211601830052
course_skill_atlas,e5-base,triplet,dev,11,DenseNeg,MRR@10,32,0.08606150793650794
course_skill_atlas,e5-base,triplet,dev,11,DenseNeg,MAP@100,32,0.0017223691159762734
course_skill_atlas,e5-base,triplet,dev,11,DenseNeg,Recall@100,32,0.013125
course_skill_atlas,e5-base,triplet,dev,111,CA-HNM-full,NDCG@10,32,0.2688430030478932
course_skill_atlas,e5-base,triplet,dev,111,CA-HNM-full,MRR@10,32,0.4271949404761905
course_skill_atlas,e5-base,triplet,dev,111,CA-HNM-full,MAP@100,32,0.05280054841052004
course_skill_atlas,e5-base,triplet,dev,111,CA-HNM-full,Recall@100,32,0.128125
course_skill_atlas,e5-base,triplet,dev,111,CA-HNM-rank-matched,NDCG@10,32,0.23249288424123987
course_skill_atlas,e5-base,triplet,dev,111,CA-HNM-rank-matched,MRR@10,32,0.39699900793650794
course_skill_atlas,e5-base,triplet,dev,111,CA-HNM-rank-matched,MAP@100,32,0.038672355062998084
course_skill_atlas,e5-base,triplet,dev,111,CA-HNM-rank-matched,Recall@100,32,0.104375
course_skill_atlas,e5-base,triplet,dev,111,DPR-Random,NDCG@10,32,0.06502336501014169
course_skill_atlas,e5-base,triplet,dev,111,DPR-Random,MRR@10,32,0.0831969246031746
course_skill_atlas,e5-base,triplet,dev,111,DPR-Random,MAP@100,32,0.013648613103704008
course_skill_atlas,e5-base,triplet,dev,111,DPR-Random,Recall@100,32,0.0578125
course_skill_atlas,e5-base,triplet,dev,111,DenseNeg,NDCG@10,32,0.02636456872491104
course_skill_atlas,e5-base,triplet,dev,111,DenseNeg,MRR@10,32,0.08203125
course_skill_atlas,e5-base,triplet,dev,111,DenseNeg,MAP@100,32,0.0017516004236266816
course_skill_atlas,e5-base,triplet,dev,111,DenseNeg,Recall@100,32,0.0096875
course_skill_atlas,e5-base,triplet,dev,22,CA-HNM-full,NDCG@10,32,0.2796343556344643
course_skill_atlas,e5-base,triplet,dev,22,CA-HNM-full,MRR@10,32,0.46939484126984127
course_skill_atlas,e5-base,triplet,dev,22,CA-HNM-full,MAP@100,32,0.05495246420992546
course_skill_atlas,e5-base,triplet,dev,22,CA-HNM-full,Recall@100,32,0.136875
course_skill_atlas,e5-base,triplet,dev,22,CA-HNM-rank-matched,NDCG@10,32,0.20377663220917824
course_skill_atlas,e5-base,triplet,dev,22,CA-HNM-rank-matched,MRR@10,32,0.3223958333333333
course_skill_atlas,e5-base,triplet,dev,22,CA-HNM-rank-matched,MAP@100,32,0.035872003737285024
course_skill_atlas,e5-base,triplet,dev,22,CA-HNM-rank-matched,Recall@100,32,0.09625
course_skill_atlas,e5-base,triplet,dev,22,DPR-Random,NDCG@10,32,0.06100193817052169
course_skill_atlas,e5-base,triplet,dev,22,DPR-Random,MRR@10,32,0.08831845238095239
course_skill_atlas,e5-base,triplet,dev,22,DPR-Random,MAP@100,32,0.015025970824719048
course_skill_atlas,e5-base,triplet,dev,22,DPR-Random,Recall@100,32,0.0653125
course_skill_atlas,e5-base,triplet,dev,22,DenseNeg,NDCG@10,32,0.019401619104438723
course_skill_atlas,e5-base,triplet,dev,22,DenseNeg,MRR@10,32,0.03602430555555555
course_skill_atlas,e5-base,triplet,dev,22,DenseNeg,MAP@100,32,0.0013963107326098135
course_skill_atlas,e5-base,triplet,dev,22,DenseNeg,Recall@100,32,0.014375
course_skill_atlas,e5-base,triplet,dev,33,CA-HNM-full,NDCG@10,32,0.2876842109852438
course_skill_atlas,e5-base,triplet,dev,33,CA-HNM-full,MRR@10,32,0.4773809523809524
course_skill_atlas,e5-base,triplet,dev,33,CA-HNM-full,MAP@100,32,0.055846562167271636
course_skill_atlas,e5-base,triplet,dev,33,CA-HNM-full,Recall@100,32,0.1375
course_skill_atlas,e5-base,triplet,dev,33,CA-HNM-rank-matched,NDCG@10,32,0.22949574759949243
course_skill_atlas,e5-base,triplet,dev,33,CA-HNM-rank-matched,MRR@10,32,0.35
course_skill_atlas,e5-base,triplet,dev,33,CA-HNM-rank-matched,MAP@100,32,0.03896550816207599
course_skill_atlas,e5-base,triplet,dev,33,CA-HNM-rank-matched,Recall@100,32,0.099375
course_skill_atlas,e5-base,triplet,dev,33,DPR-Random,NDCG@10,32,0.06673317570720277
course_skill_atlas,e5-base,triplet,dev,33,DPR-Random,MRR@10,32,0.08020833333333334
course_skill_atlas,e5-base,triplet,dev,33,DPR-Random,MAP@100,32,0.013553369725635407
course_skill_atlas,e5-base,triplet,dev,33,DPR-Random,Recall@100,32,0.0559375
course_skill_atlas,e5-base,triplet,dev,33,DenseNeg,NDCG@10,32,0.008283581239149773
course_skill_atlas,e5-base,triplet,dev,33,DenseNeg,MRR@10,32,0.0203125
course_skill_atlas,e5-base,triplet,dev,33,DenseNeg,MAP@100,32,0.0006591989770726545
course_skill_atlas,e5-base,triplet,dev,33,DenseNeg,Recall@100,32,0.0090625
course_skill_atlas,e5-base,triplet,dev,44,CA-HNM-full,NDCG@10,32,0.3615131169599111
course_skill_atlas,e5-base,triplet,dev,44,CA-HNM-full,MRR@10,32,0.5097222222222222
course_skill_atlas,e5-base,triplet,dev,44,CA-HNM-full,MAP@100,32,0.0762667761193489
course_skill_atlas,e5-base,triplet,dev,44,CA-HNM-full,Recall@100,32,0.153125
course_skill_atlas,e5-base,triplet,dev,44,CA-HNM-rank-matched,NDCG@10,32,0.20208944615413144
course_skill_atlas,e5-base,triplet,dev,44,CA-HNM-rank-matched,MRR@10,32,0.34144345238095236
course_skill_atlas,e5-base,triplet,dev,44,CA-HNM-rank-matched,MAP@100,32,0.036604168594374084
course_skill_atlas,e5-base,triplet,dev,44,CA-HNM-rank-matched,Recall@100,32,0.105625
course_skill_atlas,e5-base,triplet,dev,44,DPR-Random,NDCG@10,32,0.08128132180185696
course_skill_atlas,e5-base,triplet,dev,44,DPR-Random,MRR@10,32,0.12170138888888889
course_skill_atlas,e5-base,triplet,dev,44,DPR-Random,MAP@100,32,0.01547458040741416
course_skill_atlas,e5-base,triplet,dev,44,DPR-Random,Recall@100,32,0.06
course_skill_atlas,e5-base,triplet,dev,44,DenseNeg,NDCG@10,32,0.014129601899227982
course_skill_atlas,e5-base,triplet,dev,44,DenseNeg,MRR@10,32,0.03363095238095238
course_skill_atlas,e5-base,triplet,dev,44,DenseNeg,MAP@100,32,0.0006457658034507562
course_skill_atlas,e5-base,triplet,dev,44,DenseNeg,Recall@100,32,0.00625
course_skill_atlas,e5-base,triplet,dev,55,CA-HNM-full,NDCG@10,32,0.25615921484187076
course_skill_atlas,e5-base,triplet,dev,55,CA-HNM-full,MRR@10,32,0.4545882936507937
course_skill_atlas,e5-base,triplet,dev,55,CA-HNM-full,MAP@100,32,0.04866830805031258
course_skill_atlas,e5-base,triplet,dev,55,CA-HNM-full,Recall@100,32,0.1209375
course_skill_atlas,e5-base,triplet,dev,55,CA-HNM-rank-matched,NDCG@10,32,0.18057820227842666
course_skill_atlas,e5-base,triplet,dev,55,CA-HNM-rank-matched,MRR@10,32,0.3200892857142857
course_skill_atlas,e5-base,triplet,dev,55,CA-HNM-rank-matched,MAP@100,32,0.03508580056742997
course_skill_atlas,e5-base,triplet,dev,55,CA-HNM-rank-matched,Recall@100,32,0.0903125
course_skill_atlas,e5-base,triplet,dev,55,DPR-Random,NDCG@10,32,0.07433121268872066
course_skill_atlas,e5-base,triplet,dev,55,DPR-Random,MRR@10,32,0.10446428571428572
course_skill_atlas,e5-base,triplet,dev,55,DPR-Random,MAP@100,32,0.013990132976020975
course_skill_atlas,e5-base,triplet,dev,55,DPR-Random,Recall@100,32,0.0490625
course_skill_atlas,e5-base,triplet,dev,55,DenseNeg,NDCG@10,32,0.0
course_skill_atlas,e5-base,triplet,dev,55,DenseNeg,MRR@10,32,0.0
course_skill_atlas,e5-base,triplet,dev,55,DenseNeg,MAP@100,32,7.643460209093046e-05
course_skill_atlas,e5-base,triplet,dev,55,DenseNeg,Recall@100,32,0.0025
course_skill_atlas,e5-base,triplet,dev,66,CA-HNM-full,NDCG@10,32,0.35480483684677455
course_skill_atlas,e5-base,triplet,dev,66,CA-HNM-full,MRR@10,32,0.5203125
course_skill_atlas,e5-base,triplet,dev,66,CA-HNM-full,MAP@100,32,0.06926897988006304
course_skill_atlas,e5-base,triplet,dev,66,CA-HNM-full,Recall@100,32,0.1434375
course_skill_atlas,e5-base,triplet,dev,66,CA-HNM-rank-matched,NDCG@10,32,0.25006061058826157
course_skill_atlas,e5-base,triplet,dev,66,CA-HNM-rank-matched,MRR@10,32,0.4216517857142857
course_skill_atlas,e5-base,triplet,dev,66,CA-HNM-rank-matched,MAP@100,32,0.04469503462777874
course_skill_atlas,e5-base,triplet,dev,66,CA-HNM-rank-matched,Recall@100,32,0.110625
course_skill_atlas,e5-base,triplet,dev,66,DPR-Random,NDCG@10,32,0.07972577547063453
course_skill_atlas,e5-base,triplet,dev,66,DPR-Random,MRR@10,32,0.09040178571428571
course_skill_atlas,e5-base,triplet,dev,66,DPR-Random,MAP@100,32,0.01627818901741356
course_skill_atlas,e5-base,triplet,dev,66,DPR-Random,Recall@100,32,0.0571875
course_skill_atlas,e5-base,triplet,dev,66,DenseNeg,NDCG@10,32,0.004953344991905657
course_skill_atlas,e5-base,triplet,dev,66,DenseNeg,MRR@10,32,0.010714285714285714
course_skill_atlas,e5-base,triplet,dev,66,DenseNeg,MAP@100,32,0.0004168881614648148
course_skill_atlas,e5-base,triplet,dev,66,DenseNeg,Recall@100,32,0.0075
course_skill_atlas,e5-base,triplet,dev,77,CA-HNM-full,NDCG@10,32,0.27743649242714585
course_skill_atlas,e5-base,triplet,dev,77,CA-HNM-full,MRR@10,32,0.49856150793650794
course_skill_atlas,e5-base,triplet,dev,77,CA-HNM-full,MAP@100,32,0.05274905128131367
course_skill_atlas,e5-base,triplet,dev,77,CA-HNM-full,Recall@100,32,0.1246875
course_skill_atlas,e5-base,triplet,dev,77,CA-HNM-rank-matched,NDCG@10,32,0.18379963389404533
course_skill_atlas,e5-base,triplet,dev,77,CA-HNM-rank-matched,MRR@10,32,0.3455729166666667
course_skill_atlas,e5-base,triplet,dev,77,CA-HNM-rank-matched,MAP@100,32,0.03289142227800208
course_skill_atlas,e5-base,triplet,dev,77,CA-HNM-rank-matched,Recall@100,32,0.0921875
course_skill_atlas,e5-base,triplet,dev,77,DPR-Random,NDCG@10,32,0.05591273548104099
course_skill_atlas,e5-base,triplet,dev,77,DPR-Random,MRR@10,32,0.09513888888888888
course_skill_atlas,e5-base,triplet,dev,77,DPR-Random,MAP@100,32,0.012880761317424435
course_skill_atlas,e5-base,triplet,dev,77,DPR-Random,Recall@100,32,0.0534375
course_skill_atlas,e5-base,triplet,dev,77,DenseNeg,NDCG@10,32,0.02051011543081782
course_skill_atlas,e5-base,triplet,dev,77,DenseNeg,MRR@10,32,0.05078125
course_skill_atlas,e5-base,triplet,dev,77,DenseNeg,MAP@100,32,0.0018816889985523587
course_skill_atlas,e5-base,triplet,dev,77,DenseNeg,Recall@100,32,0.01
course_skill_atlas,e5-base,triplet,dev,88,CA-HNM-full,NDCG@10,32,0.2571329923849747
course_skill_atlas,e5-base,triplet,dev,88,CA-HNM-full,MRR@10,32,0.4244791666666667
course_skill_atlas,e5-base,triplet,dev,88,CA-HNM-full,MAP@100,32,0.0484339338478252
course_skill_atlas,e5-base,triplet,dev,88,CA-HNM-full,Recall@100,32,0.1253125
course_skill_atlas,e5-base,triplet,dev,88,CA-HNM-rank-matched,NDCG@10,32,0.19505414786575534
course_skill_atlas,e5-base,triplet,dev,88,CA-HNM-rank-matched,MRR@10,32,0.32821180555555557
course_skill_atlas,e5-base,triplet,dev,88,CA-HNM-rank-matched,MAP@100,32,0.03570786993142364
course_skill_atlas,e5-base,triplet,dev,88,CA-HNM-rank-matched,Recall@100,32,0.095
course_skill_atlas,e5-base,triplet,dev,88,DPR-Random,NDCG@10,32,0.10033222038146952
course_skill_atlas,e5-base,triplet,dev,88,DPR-Random,MRR@10,32,0.11283482142857143
course_skill_atlas,e5-base,triplet,dev,88,DPR-Random,MAP@100,32,0.01718651666416703
course_skill_atlas,e5-base,triplet,dev,88,DPR-Random,Recall@100,32,0.0596875
course_skill_atlas,e5-base,triplet,dev,88,DenseNeg,NDCG@10,32,0.023048531756584247
course_skill_atlas,e5-base,triplet,dev,88,DenseNeg,MRR@10,32,0.06696428571428571
course_skill_atlas,e5-base,triplet,dev,88,DenseNeg,MAP@100,32,0.0015013315311054366
course_skill_atlas,e5-base,triplet,dev,88,DenseNeg,Recall@100,32,0.0046875
course_skill_atlas,e5-base,triplet,dev,99,CA-HNM-full,NDCG@10,32,0.29112529295195216
course_skill_atlas,e5-base,triplet,dev,99,CA-HNM-full,MRR@10,32,0.4961309523809524
course_skill_atlas,e5-base,triplet,dev,99,CA-HNM-full,MAP@100,32,0.05247663804604837
course_skill_atlas,e5-base,triplet,dev,99,CA-HNM-full,Recall@100,32,0.1278125
course_skill_atlas,e5-base,triplet,dev,99,CA-HNM-rank-matched,NDCG@10,32,0.17300491874456705
course_skill_atlas,e5-base,triplet,dev,99,CA-HNM-rank-matched,MRR@10,32,0.3455729166666667
course_skill_atlas,e5-base,triplet,dev,99,CA-HNM-rank-matched,MAP@100,32,0.03050592751359909
course_skill_atlas,e5-base,triplet,dev,99,CA-HNM-rank-matched,Recall@100,32,0.0896875
course_skill_atlas,e5-base,triplet,dev,99,DPR-Random,NDCG@10,32,0.05737454160965193
course_skill_atlas,e5-base,triplet,dev,99,DPR-Random,MRR@10,32,0.06522817460317461
course_skill_atlas,e5-base,triplet,dev,99,DPR-Random,MAP@100,32,0.013236694279666337
course_skill_atlas,e5-base,triplet,dev,99,DPR-Random,Recall@100,32,0.060625
course_skill_atlas,e5-base,triplet,dev,99,DenseNeg,NDCG@10,32,0.014058980511648923
course_skill_atlas,e5-base,triplet,dev,99,DenseNeg,MRR@10,32,0.036458333333333336
course_skill_atlas,e5-base,triplet,dev,99,DenseNeg,MAP@100,32,0.0007177922310318707
course_skill_atlas,e5-base,triplet,dev,99,DenseNeg,Recall@100,32,0.005
mooccubex,bge-base,cached-mnrl,dev,11,CA-HNM-full,NDCG@10,500,0.20245968801037043
mooccubex,bge-base,cached-mnrl,dev,11,CA-HNM-full,MRR@10,500,0.19104126984126985
mooccubex,bge-base,cached-mnrl,dev,11,CA-HNM-full,MAP@100,500,0.17955488913195444
mooccubex,bge-base,cached-mnrl,dev,11,CA-HNM-full,Recall@100,500,0.549495399045399
mooccubex,bge-base,cached-mnrl,dev,11,CA-HNM-rank-matched,NDCG@10,500,0.18931262482651637
mooccubex,bge-base,cached-mnrl,dev,11,CA-HNM-rank-matched,MRR@10,500,0.17653571428571427
mooccubex,bge-base,cached-mnrl,dev,11,CA-HNM-rank-matched,MAP@100,500,0.16850466836447126
mooccubex,bge-base,cached-mnrl,dev,11,CA-HNM-rank-matched,Recall@100,500,0.5237760461760462
mooccubex,bge-base,cached-mnrl,dev,11,DPR-Random,NDCG@10,500,0.3111720434595584
mooccubex,bge-base,cached-mnrl,dev,11,DPR-Random,MRR@10,500,0.2896563492063492
mooccubex,bge-base,cached-mnrl,dev,11,DPR-Random,MAP@100,500,0.2803826793101087
mooccubex,bge-base,cached-mnrl,dev,11,DPR-Random,Recall@100,500,0.8862199189699189
mooccubex,bge-base,cached-mnrl,dev,11,DenseNeg,NDCG@10,500,0.27430099705352246
mooccubex,bge-base,cached-mnrl,dev,11,DenseNeg,MRR@10,500,0.26543333333333335
mooccubex,bge-base,cached-mnrl,dev,11,DenseNeg,MAP@100,500,0.2505690287940559
mooccubex,bge-base,cached-mnrl,dev,11,DenseNeg,Recall@100,500,0.7220206487956488
mooccubex,bge-base,cached-mnrl,dev,111,CA-HNM-full,NDCG@10,500,0.18691559317335732
mooccubex,bge-base,cached-mnrl,dev,111,CA-HNM-full,MRR@10,500,0.1707595238095238
mooccubex,bge-base,cached-mnrl,dev,111,CA-HNM-full,MAP@100,500,0.16645110152265014
mooccubex,bge-base,cached-mnrl,dev,111,CA-HNM-full,Recall@100,500,0.5912918803418803
mooccubex,bge-base,cached-mnrl,dev,111,CA-HNM-rank-matched,NDCG@10,500,0.15590891469425172
mooccubex,bge-base,cached-mnrl,dev,111,CA-HNM-rank-matched,MRR@10,500,0.14255238095238096
mooccubex,bge-base,cached-mnrl,dev,111,CA-HNM-rank-matched,MAP@100,500,0.14177046235079316
mooccubex,bge-base,cached-mnrl,dev,111,CA-HNM-rank-matched,Recall@100,500,0.5555645881895882
mooccubex,bge-base,cached-mnrl,dev,111,DPR-Random,NDCG@10,500,0.31103056315276806
mooccubex,bge-base,cached-mnrl,dev,111,DPR-Random,MRR@10,500,0.28695873015873014
mooccubex,bge-base,cached-mnrl,dev,111,DPR-Random,MAP@100,500,0.2825255421219414
mooccubex,bge-base,cached-mnrl,dev,111,DPR-Random,Recall@100,500,0.8862986124986124
mooccubex,bge-base,cached-mnrl,dev,111,DenseNeg,NDCG@10,500,0.2547654615956657
mooccubex,bge-base,cached-mnrl,dev,111,DenseNeg,MRR@10,500,0.24957857142857143
mooccubex,bge-base,cached-mnrl,dev,111,DenseNeg,MAP@100,500,0.24047972023580022
mooccubex,bge-base,cached-mnrl,dev,111,DenseNeg,Recall@100,500,0.7124856060606061
mooccubex,bge-base,cached-mnrl,dev,22,CA-HNM-full,NDCG@10,500,0.1964645244595392
mooccubex,bge-base,cached-mnrl,dev,22,CA-HNM-full,MRR@10,500,0.17441031746031746
mooccubex,bge-base,cached-mnrl,dev,22,CA-HNM-full,MAP@100,500,0.16815540554922212
mooccubex,bge-base,cached-mnrl,dev,22,CA-HNM-full,Recall@100,500,0.5950918803418803
mooccubex,bge-base,cached-mnrl,dev,22,CA-HNM-rank-matched,NDCG@10,500,0.18217140433718232
mooccubex,bge-base,cached-mnrl,dev,22,CA-HNM-rank-matched,MRR@10,500,0.15668253968253967
mooccubex,bge-base,cached-mnrl,dev,22,CA-HNM-rank-matched,MAP@100,500,0.1535721578365553
mooccubex,bge-base,cached-mnrl,dev,22,CA-HNM-rank-matched,Recall@100,500,0.5683339438339439
mooccubex,bge-base,cached-mnrl,dev,22,DPR-Random,NDCG@10,500,0.32594761331516314
mooccubex,bge-base,cached-mnrl,dev,22,DPR-Random,MRR@10,500,0.30171666666666663
mooccubex,bge-base,cached-mnrl,dev,22,DPR-Random,MAP@100,500,0.29512167245489274
mooccubex,bge-base,cached-mnrl,dev,22,DPR-Random,Recall@100,500,0.8987586358086359
mooccubex,bge-base,cached-mnrl,dev,22,DenseNeg,NDCG@10,500,0.3000073609895746
mooccubex,bge-base,cached-mnrl,dev,22,DenseNeg,MRR@10,500,0.2889253968253968
mooccubex,bge-base,cached-mnrl,dev,22,DenseNeg,MAP@100,500,0.2731118089089799
mooccubex,bge-base,cached-mnrl,dev,22,DenseNeg,Recall@100,500,0.7081190836940836
mooccubex,bge-base,cached-mnrl,dev,33,CA-HNM-full,NDCG@10,500,0.14609745512052522
mooccubex,bge-base,cached-mnrl,dev,33,CA-HNM-full,MRR@10,500,0.13429126984126985
mooccubex,bge-base,cached-mnrl,dev,33,CA-HNM-full,MAP@100,500,0.12752843561831353
mooccubex,bge-base,cached-mnrl,dev,33,CA-HNM-full,Recall@100,500,0.5483567321567322
mooccubex,bge-base,cached-mnrl,dev,33,CA-HNM-rank-matched,NDCG@10,500,0.15368610282926332
mooccubex,bge-base,cached-mnrl,dev,33,CA-HNM-rank-matched,MRR@10,500,0.13057539682539684
mooccubex,bge-base,cached-mnrl,dev,33,CA-HNM-rank-matched,MAP@100,500,0.1312177606413223
mooccubex,bge-base,cached-mnrl,dev,33,CA-HNM-rank-matched,Recall@100,500,0.5684921134421135
mooccubex,bge-base,cached-mnrl,dev,33,DPR-Random,NDCG@10,500,0.3427427189432621
mooccubex,bge-base,cached-mnrl,dev,33,DPR-Random,MRR@10,500,0.31710317460317455
mooccubex,bge-base,cached-mnrl,dev,33,DPR-Random,MAP@100,500,0.30277584649514955
mooccubex,bge-base,cached-mnrl,dev,33,DPR-Random,Recall@100,500,0.9052776334776335
mooccubex,bge-base,cached-mnrl,dev,33,DenseNeg,NDCG@10,500,0.288467614168292
mooccubex,bge-base,cached-mnrl,dev,33,DenseNeg,MRR@10,500,0.27829047619047614
mooccubex,bge-base,cached-mnrl,dev,33,DenseNeg,MAP@100,500,0.26084981546591873
mooccubex,bge-base,cached-mnrl,dev,33,DenseNeg,Recall@100,500,0.7069993423243424
mooccubex,bge-base,cached-mnrl,dev,44,CA-HNM-full,NDCG@10,500,0.15883022956556805
mooccubex,bge-base,cached-mnrl,dev,44,CA-HNM-full,MRR@10,500,0.1382968253968254
mooccubex,bge-base,cached-mnrl,dev,44,CA-HNM-full,MAP@100,500,0.13617675587653325
mooccubex,bge-base,cached-mnrl,dev,44,CA-HNM-full,Recall@100,500,0.566096497946498
mooccubex,bge-base,cached-mnrl,dev,44,CA-HNM-rank-matched,NDCG@10,500,0.1812524257578192
mooccubex,bge-base,cached-mnrl,dev,44,CA-HNM-rank-matched,MRR@10,500,0.1622626984126984
mooccubex,bge-base,cached-mnrl,dev,44,CA-HNM-rank-matched,MAP@100,500,0.15506673975371907
mooccubex,bge-base,cached-mnrl,dev,44,CA-HNM-rank-matched,Recall@100,500,0.5543795954045955
mooccubex,bge-base,cached-mnrl,dev,44,DPR-Random,NDCG@10,500,0.31617075542360185
mooccubex,bge-base,cached-mnrl,dev,44,DPR-Random,MRR@10,500,0.2890174603174603
mooccubex,bge-base,cached-mnrl,dev,44,DPR-Random,MAP@100,500,0.2904559530640437
mooccubex,bge-base,cached-mnrl,dev,44,DPR-Random,Recall@100,500,0.9043103452103451
mooccubex,bge-base,cached-mnrl,dev,44,DenseNeg,NDCG@10,500,0.26066467397653476
mooccubex,bge-base,cached-mnrl,dev,44,DenseNeg,MRR@10,500,0.25281746031746033
mooccubex,bge-base,cached-mnrl,dev,44,DenseNeg,MAP@100,500,0.2402666539183865
mooccubex,bge-base,cached-mnrl,dev,44,DenseNeg,Recall@100,500,0.7209920052170052
mooccubex,bge-base,cached-mnrl,dev,55,CA-HNM-full,NDCG@10,500,0.16207617700661464
mooccubex,bge-base,cached-mnrl,dev,55,CA-HNM-full,MRR@10,500,0.1493293650793651
mooccubex,bge-base,cached-mnrl,dev,55,CA-HNM-full,MAP@100,500,0.14641728350354152
mooccubex,bge-base,cached-mnrl,dev,55,CA-HNM-full,Recall@100,500,0.6027434565434565
mooccubex,bge-base,cached-mnrl,dev,55,CA-HNM-rank-matched,NDCG@10,500,0.15738419355900837
mooccubex,bge-base,cached-mnrl,dev,55,CA-HNM-rank-matched,MRR@10,500,0.13885396825396826
mooccubex,bge-base,cached-mnrl,dev,55,CA-HNM-rank-matched,MAP@100,500,0.1385085763257887
mooccubex,bge-base,cached-mnrl,dev,55,CA-HNM-rank-matched,Recall@100,500,0.5439013209013209
mooccubex,bge-base,cached-mnrl,dev,55,DPR-Random,NDCG@10,500,0.3159140813451834
mooccubex,bge-base,cached-mnrl,dev,55,DPR-Random,MRR@10,500,0.2969301587301587
mooccubex,bge-base,cached-mnrl,dev,55,DPR-Random,MAP@100,500,0.2898885884449813
mooccubex,bge-base,cached-mnrl,dev,55,DPR-Random,Recall@100,500,0.8803110445110446
mooccubex,bge-base,cached-mnrl,dev,55,DenseNeg,NDCG@10,500,0.2810918472397712
mooccubex,bge-base,cached-mnrl,dev,55,DenseNeg,MRR@10,500,0.2754412698412698
mooccubex,bge-base,cached-mnrl,dev,55,DenseNeg,MAP@100,500,0.25303944666723704
mooccubex,bge-base,cached-mnrl,dev,55,DenseNeg,Recall@100,500,0.7373101592851593
mooccubex,bge-base,cached-mnrl,dev,66,CA-HNM-full,NDCG@10,500,0.16791058362768382
mooccubex,bge-base,cached-mnrl,dev,66,CA-HNM-full,MRR@10,500,0.14613015873015875
mooccubex,bge-base,cached-mnrl,dev,66,CA-HNM-full,MAP@100,500,0.14276119486641664
mooccubex,bge-base,cached-mnrl,dev,66,CA-HNM-full,Recall@100,500,0.5500419302919303
mooccubex,bge-base,cached-mnrl,dev,66,CA-HNM-rank-matched,NDCG@10,500,0.168403926976043
mooccubex,bge-base,cached-mnrl,dev,66,CA-HNM-rank-matched,MRR@10,500,0.14768174603174603
mooccubex,bge-base,cached-mnrl,dev,66,CA-HNM-rank-matched,MAP@100,500,0.14176891491052482
mooccubex,bge-base,cached-mnrl,dev,66,CA-HNM-rank-matched,Recall@100,500,0.5514452991452992
mooccubex,bge-base,cached-mnrl,dev,66,DPR-Random,NDCG@10,500,0.2988780092335478
mooccubex,bge-base,cached-mnrl,dev,66,DPR-Random,MRR@10,500,0.272184126984127
mooccubex,bge-base,cached-mnrl,dev,66,DPR-Random,MAP@100,500,0.2642753486981081
mooccubex,bge-base,cached-mnrl,dev,66,DPR-Random,Recall@100,500,0.8737067515817516
mooccubex,bge-base,cached-mnrl,dev,66,DenseNeg,NDCG@10,500,0.25425864154045735
mooccubex,bge-base,cached-mnrl,dev,66,DenseNeg,MRR@10,500,0.2506285714285714
mooccubex,bge-base,cached-mnrl,dev,66,DenseNeg,MAP@100,500,0.23396702327675034
mooccubex,bge-base,cached-mnrl,dev,66,DenseNeg,Recall@100,500,0.7492522949272948
mooccubex,bge-base,cached-mnrl,dev,77,CA-HNM-full,NDCG@10,500,0.15447241022685504
mooccubex,bge-base,cached-mnrl,dev,77,CA-HNM-full,MRR@10,500,0.1368888888888889
mooccubex,bge-base,cached-mnrl,dev,77,CA-HNM-full,MAP@100,500,0.13432467862564537
mooccubex,bge-base,cached-mnrl,dev,77,CA-HNM-full,Recall@100,500,0.5244075174825175
mooccubex,bge-base,cached-mnrl,dev,77,CA-HNM-rank-matched,NDCG@10,500,0.15081967665626708
mooccubex,bge-base,cached-mnrl,dev,77,CA-HNM-rank-matched,MRR@10,500,0.1356563492063492
mooccubex,bge-base,cached-mnrl,dev,77,CA-HNM-rank-matched,MAP@100,500,0.1348478650030402
mooccubex,bge-base,cached-mnrl,dev,77,CA-HNM-rank-matched,Recall@100,500,0.5529550227550228
mooccubex,bge-base,cached-mnrl,dev,77,DPR-Random,NDCG@10,500,0.3299940127262839
mooccubex,bge-base,cached-mnrl,dev,77,DPR-Random,MRR@10,500,0.2932468253968254
mooccubex,bge-base,cached-mnrl,dev,77,DPR-Random,MAP@100,500,0.29095681465916756
mooccubex,bge-base,cached-mnrl,dev,77,DPR-Random,Recall@100,500,0.8923338883338884
mooccubex,bge-base,cached-mnrl,dev,77,DenseNeg,NDCG@10,500,0.2590352601286843
mooccubex,bge-base,cached-mnrl,dev,77,DenseNeg,MRR@10,500,0.2511388888888889
mooccubex,bge-base,cached-mnrl,dev,77,DenseNeg,MAP@100,500,0.2362839138431875
mooccubex,bge-base,cached-mnrl,dev,77,DenseNeg,Recall@100,500,0.7037257992007993
mooccubex,bge-base,cached-mnrl,dev,88,CA-HNM-full,NDCG@10,500,0.1821150015062598
mooccubex,bge-base,cached-mnrl,dev,88,CA-HNM-full,MRR@10,500,0.16544285714285714
mooccubex,bge-base,cached-mnrl,dev,88,CA-HNM-full,MAP@100,500,0.1605754295655134
mooccubex,bge-base,cached-mnrl,dev,88,CA-HNM-full,Recall@100,500,0.601249222999223
mooccubex,bge-base,cached-mnrl,dev,88,CA-HNM-rank-matched,NDCG@10,500,0.17529506243822218
mooccubex,bge-base,cached-mnrl,dev,88,CA-HNM-rank-matched,MRR@10,500,0.1523579365079365
mooccubex,bge-base,cached-mnrl,dev,88,CA-HNM-rank-matched,MAP@100,500,0.1537632886373109
mooccubex,bge-base,cached-mnrl,dev,88,CA-HNM-rank-matched,Recall@100,500,0.5773814796314796
mooccubex,bge-base,cached-mnrl,dev,88,DPR-Random,NDCG@10,500,0.3227748654875901
mooccubex,bge-base,cached-mnrl,dev,88,DPR-Random,MRR@10,500,0.290997619047619
mooccubex,bge-base,cached-mnrl,dev,88,DPR-Random,MAP@100,500,0.29409562514128623
mooccubex,bge-base,cached-mnrl,dev,88,DPR-Random,Recall@100,500,0.8828866577866578
mooccubex,bge-base,cached-mnrl,dev,88,DenseNeg,NDCG@10,500,0.2818507509786438
mooccubex,bge-base,cached-mnrl,dev,88,DenseNeg,MRR@10,500,0.27384126984126983
mooccubex,bge-base,cached-mnrl,dev,88,DenseNeg,MAP@100,500,0.25937025331357016
mooccubex,bge-base,cached-mnrl,dev,88,DenseNeg,Recall@100,500,0.7062471861471862
mooccubex,bge-base,cached-mnrl,dev,99,CA-HNM-full,NDCG@10,500,0.16087539660385763
mooccubex,bge-base,cached-mnrl,dev,99,CA-HNM-full,MRR@10,500,0.14780555555555555
mooccubex,bge-base,cached-mnrl,dev,99,CA-HNM-full,MAP@100,500,0.14339937383633625
mooccubex,bge-base,cached-mnrl,dev,99,CA-HNM-full,Recall@100,500,0.554593697968698
mooccubex,bge-base,cached-mnrl,dev,99,CA-HNM-rank-matched,NDCG@10,500,0.1658012210957487
mooccubex,bge-base,cached-mnrl,dev,99,CA-HNM-rank-matched,MRR@10,500,0.14590952380952382
mooccubex,bge-base,cached-mnrl,dev,99,CA-HNM-rank-matched,MAP@100,500,0.13936624623180147
mooccubex,bge-base,cached-mnrl,dev,99,CA-HNM-rank-matched,Recall@100,500,0.4795563492063492
mooccubex,bge-base,cached-mnrl,dev,99,DPR-Random,NDCG@10,500,0.3049007016447129
mooccubex,bge-base,cached-mnrl,dev,99,DPR-Random,MRR@10,500,0.28026666666666666
mooccubex,bge-base,cached-mnrl,dev,99,DPR-Random,MAP@100,500,0.2778173085091092
mooccubex,bge-base,cached-mnrl,dev,99,DPR-Random,Recall@100,500,0.8842094905094905
mooccubex,bge-base,cached-mnrl,dev,99,DenseNeg,NDCG@10,500,0.28806886746781357
mooccubex,bge-base,cached-mnrl,dev,99,DenseNeg,MRR@10,500,0.28241984126984127
mooccubex,bge-base,cached-mnrl,dev,99,DenseNeg,MAP@100,500,0.26710353676725146
mooccubex,bge-base,cached-mnrl,dev,99,DenseNeg,Recall@100,500,0.7267277916527917
mooccubex,bge-base,triplet,dev,11,CA-HNM-full,NDCG@10,500,0.2607465901598113
mooccubex,bge-base,triplet,dev,11,CA-HNM-full,MRR@10,500,0.26131507936507936
mooccubex,bge-base,triplet,dev,11,CA-HNM-full,MAP@100,500,0.19738863536500076
mooccubex,bge-base,triplet,dev,11,CA-HNM-full,Recall@100,500,0.588949234099234
mooccubex,bge-base,triplet,dev,11,CA-HNM-rank-matched,NDCG@10,500,0.16578231534546048
mooccubex,bge-base,triplet,dev,11,CA-HNM-rank-matched,MRR@10,500,0.16936031746031743
mooccubex,bge-base,triplet,dev,11,CA-HNM-rank-matched,MAP@100,500,0.12807595587316203
mooccubex,bge-base,triplet,dev,11,CA-HNM-rank-matched,Recall@100,500,0.570401454101454
mooccubex,bge-base,triplet,dev,11,DPR-Random,NDCG@10,500,0.3595732764145485
mooccubex,bge-base,triplet,dev,11,DPR-Random,MRR@10,500,0.34934920634920635
mooccubex,bge-base,triplet,dev,11,DPR-Random,MAP@100,500,0.2936963356843584
mooccubex,bge-base,triplet,dev,11,DPR-Random,Recall@100,500,0.9278018065268065
mooccubex,bge-base,triplet,dev,11,DenseNeg,NDCG@10,500,0.34774698819412386
mooccubex,bge-base,triplet,dev,11,DenseNeg,MRR@10,500,0.35746984126984127
mooccubex,bge-base,triplet,dev,11,DenseNeg,MAP@100,500,0.2695285934315101
mooccubex,bge-base,triplet,dev,11,DenseNeg,Recall@100,500,0.9306552225552225
mooccubex,bge-base,triplet,dev,111,CA-HNM-full,NDCG@10,500,0.23414964341272612
mooccubex,bge-base,triplet,dev,111,CA-HNM-full,MRR@10,500,0.25373968253968254
mooccubex,bge-base,triplet,dev,111,CA-HNM-full,MAP@100,500,0.1759388089755899
mooccubex,bge-base,triplet,dev,111,CA-HNM-full,Recall@100,500,0.5745837579087579
mooccubex,bge-base,triplet,dev,111,CA-HNM-rank-matched,NDCG@10,500,0.1917960211669374
mooccubex,bge-base,triplet,dev,111,CA-HNM-rank-matched,MRR@10,500,0.19988333333333333
mooccubex,bge-base,triplet,dev,111,CA-HNM-rank-matched,MAP@100,500,0.14903475584680065
mooccubex,bge-base,triplet,dev,111,CA-HNM-rank-matched,Recall@100,500,0.5748360084360085
mooccubex,bge-base,triplet,dev,111,DPR-Random,NDCG@10,500,0.3119912598136586
mooccubex,bge-base,triplet,dev,111,DPR-Random,MRR@10,500,0.3213285714285714
mooccubex,bge-base,triplet,dev,111,DPR-Random,MAP@100,500,0.2565911959607537
mooccubex,bge-base,triplet,dev,111,DPR-Random,Recall@100,500,0.9295851398601399
mooccubex,bge-base,triplet,dev,111,DenseNeg,NDCG@10,500,0.3269471752570688
mooccubex,bge-base,triplet,dev,111,DenseNeg,MRR@10,500,0.34598968253968254
mooccubex,bge-base,triplet,dev,111,DenseNeg,MAP@100,500,0.25578613688581625
mooccubex,bge-base,triplet,dev,111,DenseNeg,Recall@100,500,0.9319433899433899
mooccubex,bge-base,triplet,dev,22,CA-HNM-full,NDCG@10,500,0.27233883747894366
mooccubex,bge-base,triplet,dev,22,CA-HNM-full,MRR@10,500,0.2844626984126984
mooccubex,bge-base,triplet,dev,22,CA-HNM-full,MAP@100,500,0.19317813017600785
mooccubex,bge-base,triplet,dev,22,CA-HNM-full,Recall@100,500,0.5861174575424575
mooccubex,bge-base,triplet,dev,22,CA-HNM-rank-matched,NDCG@10,500,0.16964977848469942
mooccubex,bge-base,triplet,dev,22,CA-HNM-rank-matched,MRR@10,500,0.20005
mooccubex,bge-base,triplet,dev,22,CA-HNM-rank-matched,MAP@100,500,0.14345109471242648
mooccubex,bge-base,triplet,dev,22,CA-HNM-rank-matched,Recall@100,500,0.5736432234432234
mooccubex,bge-base,triplet,dev,22,DPR-Random,NDCG@10,500,0.3614028425351909
mooccubex,bge-base,triplet,dev,22,DPR-Random,MRR@10,500,0.35795079365079363
mooccubex,bge-base,triplet,dev,22,DPR-Random,MAP@100,500,0.28380729021136947
mooccubex,bge-base,triplet,dev,22,DPR-Random,Recall@100,500,0.925486655011655
mooccubex,bge-base,triplet,dev,22,DenseNeg,NDCG@10,500,0.33179122802098254
mooccubex,bge-base,triplet,dev,22,DenseNeg,MRR@10,500,0.33290714285714285
mooccubex,bge-base,triplet,dev,22,DenseNeg,MAP@100,500,0.2550466501734585
mooccubex,bge-base,triplet,dev,22,DenseNeg,Recall@100,500,0.9286972860472861
mooccubex,bge-base,triplet,dev,33,CA-HNM-full,NDCG@10,500,0.22639109036733937
mooccubex,bge-base,triplet,dev,33,CA-HNM-full,MRR@10,500,0.23254444444444444
mooccubex,bge-base,triplet,dev,33,CA-HNM-full,MAP@100,500,0.173979455825966
mooccubex,bge-base,triplet,dev,33,CA-HNM-full,Recall@100,500,0.6024552281052281
mooccubex,bge-base,triplet,dev,33,CA-HNM-rank-matched,NDCG@10,500,0.12313044511229165
mooccubex,bge-base,triplet,dev,33,CA-HNM-rank-matched,MRR@10,500,0.12239761904761905
mooccubex,bge-base,triplet,dev,33,CA-HNM-rank-matched,MAP@100,500,0.09814105651021915
mooccubex,bge-base,triplet,dev,33,CA-HNM-rank-matched,Recall@100,500,0.5679067654567654
mooccubex,bge-base,triplet,dev,33,DPR-Random,NDCG@10,500,0.29233084419340427
mooccubex,bge-base,triplet,dev,33,DPR-Random,MRR@10,500,0.31859444444444446
mooccubex,bge-base,triplet,dev,33,DPR-Random,MAP@100,500,0.24304233206258544
mooccubex,bge-base,triplet,dev,33,DPR-Random,Recall@100,500,0.9234943667443667
mooccubex,bge-base,triplet,dev,33,DenseNeg,NDCG@10,500,0.3410686362055684
mooccubex,bge-base,triplet,dev,33,DenseNeg,MRR@10,500,0.3383888888888889
mooccubex,bge-base,triplet,dev,33,DenseNeg,MAP@100,500,0.265562573870661
mooccubex,bge-base,triplet,dev,33,DenseNeg,Recall@100,500,0.9299534326784327
mooccubex,bge-base,triplet,dev,44,CA-HNM-full,NDCG@10,500,0.25902689615182334
mooccubex,bge-base,triplet,dev,44,CA-HNM-full,MRR@10,500,0.28301984126984125
mooccubex,bge-base,triplet,dev,44,CA-HNM-full,MAP@100,500,0.1939140235171181
mooccubex,bge-base,triplet,dev,44,CA-HNM-full,Recall@100,500,0.6021125457875457
mooccubex,bge-base,triplet,dev,44,CA-HNM-rank-matched,NDCG@10,500,0.16820421195150295
mooccubex,bge-base,triplet,dev,44,CA-HNM-rank-matched,MRR@10,500,0.1679936507936508
mooccubex,bge-base,triplet,dev,44,CA-HNM-rank-matched,MAP@100,500,0.12334078486830789
mooccubex,bge-base,triplet,dev,44,CA-HNM-rank-matched,Recall@100,500,0.5641540376290376
mooccubex,bge-base,triplet,dev,44,DPR-Random,NDCG@10,500,0.39552617102054516
mooccubex,bge-base,triplet,dev,44,DPR-Random,MRR@10,500,0.36291507936507933
mooccubex,bge-base,triplet,dev,44,DPR-Random,MAP@100,500,0.29548253007699293
mooccubex,bge-base,triplet,dev,44,DPR-Random,Recall@100,500,0.9285178737928739
mooccubex,bge-base,triplet,dev,44,DenseNeg,NDCG@10,500,0.3366897678081756
mooccubex,bge-base,triplet,dev,44,DenseNeg,MRR@10,500,0.33265396825396826
mooccubex,bge-base,triplet,dev,44,DenseNeg,MAP@100,500,0.254237385920278
mooccubex,bge-base,triplet,dev,44,DenseNeg,Recall@100,500,0.9252763764013764
mooccubex,bge-base,triplet,dev,55,CA-HNM-full,NDCG@10,500,0.2283649560883621
mooccubex,bge-base,triplet,dev,55,CA-HNM-full,MRR@10,500,0.23194285714285715
mooccubex,bge-base,triplet,dev,55,CA-HNM-full,MAP@100,500,0.1830128394982496
mooccubex,bge-base,triplet,dev,55,CA-HNM-full,Recall@100,500,0.5963099483849483
mooccubex,bge-base,triplet,dev,55,CA-HNM-rank-matched,NDCG@10,500,0.1995642251543815
mooccubex,bge-base,triplet,dev,55,CA-HNM-rank-matched,MRR@10,500,0.20484126984126985
mooccubex,bge-base,triplet,dev,55,CA-HNM-rank-matched,MAP@100,500,0.15300883451889963
mooccubex,bge-base,triplet,dev,55,CA-HNM-rank-matched,Recall@100,500,0.56305994005994
mooccubex,bge-base,triplet,dev,55,DPR-Random,NDCG@10,500,0.3376702257497283
mooccubex,bge-base,triplet,dev,55,DPR-Random,MRR@10,500,0.3358404761904762
mooccubex,bge-base,triplet,dev,55,DPR-Random,MAP@100,500,0.2740419160338325
mooccubex,bge-base,triplet,dev,55,DPR-Random,Recall@100,500,0.9294464452214451
mooccubex,bge-base,triplet,dev,55,DenseNeg,NDCG@10,500,0.3718537664558798
mooccubex,bge-base,triplet,dev,55,DenseNeg,MRR@10,500,0.3654119047619047
mooccubex,bge-base,triplet,dev,55,DenseNeg,MAP@100,500,0.29401308564347084
mooccubex,bge-base,triplet,dev,55,DenseNeg,Recall@100,500,0.9269633116883117
mooccubex,bge-base,triplet,dev,66,CA-HNM-full,NDCG@10,500,0.25067593934694476
mooccubex,bge-base,triplet,dev,66,CA-HNM-full,MRR@10,500,0.2608587301587302
mooccubex,bge-base,triplet,dev,66,CA-HNM-full,MAP@100,500,0.1849480632968708
mooccubex,bge-base,triplet,dev,66,CA-HNM-full,Recall@100,500,0.5947590742590743
mooccubex,bge-base,triplet,dev,66,CA-HNM-rank-matched,NDCG@10,500,0.1473100623144523
mooccubex,bge-base,triplet,dev,66,CA-HNM-rank-matched,MRR@10,500,0.16221428571428573
mooccubex,bge-base,triplet,dev,66,CA-HNM-rank-matched,MAP@100,500,0.1191879243442504
mooccubex,bge-base,triplet,dev,66,CA-HNM-rank-matched,Recall@100,500,0.5654170829170829
mooccubex,bge-base,triplet,dev,66,DPR-Random,NDCG@10,500,0.2748314541411976
mooccubex,bge-base,triplet,dev,66,DPR-Random,MRR@10,500,0.2720968253968254
mooccubex,bge-base,triplet,dev,66,DPR-Random,MAP@100,500,0.22791197616299214
mooccubex,bge-base,triplet,dev,66,DPR-Random,Recall@100,500,0.9291783216783217
mooccubex,bge-base,triplet,dev,66,DenseNeg,NDCG@10,500,0.36036994632975583
mooccubex,bge-base,triplet,dev,66,DenseNeg,MRR@10,500,0.36581825396825396
mooccubex,bge-base,triplet,dev,66,DenseNeg,MAP@100,500,0.28158655282170514
mooccubex,bge-base,triplet,dev,66,DenseNeg,Recall@100,500,0.9197579781329781
mooccubex,bge-base,triplet,dev,77,CA-HNM-full,NDCG@10,500,0.23248926556645824
mooccubex,bge-base,triplet,dev,77,CA-HNM-full,MRR@10,500,0.2536968253968254
mooccubex,bge-base,triplet,dev,77,CA-HNM-full,MAP@100,500,0.18160875456846623
mooccubex,bge-base,triplet,dev,77,CA-HNM-full,Recall@100,500,0.5816131146631146
mooccubex,bge-base,triplet,dev,77,CA-HNM-rank-matched,NDCG@10,500,0.207465694196799
mooccubex,bge-base,triplet,dev,77,CA-HNM-rank-matched,MRR@10,500,0.21833968253968256
mooccubex,bge-base,triplet,dev,77,CA-HNM-rank-matched,MAP@100,500,0.15161900426269836
mooccubex,bge-base,triplet,dev,77,CA-HNM-rank-matched,Recall@100,500,0.5727107836607837
mooccubex,bge-base,triplet,dev,77,DPR-Random,NDCG@10,500,0.336128167835822
mooccubex,bge-base,triplet,dev,77,DPR-Random,MRR@10,500,0.3453777777777778
mooccubex,bge-base,triplet,dev,77,DPR-Random,MAP@100,500,0.27524086557152555
mooccubex,bge-base,triplet,dev,77,DPR-Random,Recall@100,500,0.919989269064269
mooccubex,bge-base,triplet,dev,77,DenseNeg,NDCG@10,500,0.34721226231608493
mooccubex,bge-base,triplet,dev,77,DenseNeg,MRR@10,500,0.34353492063492064
mooccubex,bge-base,triplet,dev,77,DenseNeg,MAP@100,500,0.2692674701730683
mooccubex,bge-base,triplet,dev,77,DenseNeg,Recall@100,500,0.9215314629814629
mooccubex,bge-base,triplet,dev,88,CA-HNM-full,NDCG@10,500,0.30836793204422824
mooccubex,bge-base,triplet,dev,88,CA-HNM-full,MRR@10,500,0.31657857142857143
mooccubex,bge-base,triplet,dev,88,CA-HNM-full,MAP@100,500,0.22657806596178443
mooccubex,bge-base,triplet,dev,88,CA-HNM-full,Recall@100,500,0.5969279498279498
mooccubex,bge-base,triplet,dev,88,CA-HNM-rank-matched,NDCG@10,500,0.17025942311005504
mooccubex,bge-base,triplet,dev,88,CA-HNM-rank-matched,MRR@10,500,0.18579603174603176
mooccubex,bge-base,triplet,dev,88,CA-HNM-rank-matched,MAP@100,500,0.13731290938349228
mooccubex,bge-base,triplet,dev,88,CA-HNM-rank-matched,Recall@100,500,0.5581752941502941
mooccubex,bge-base,triplet,dev,88,DPR-Random,NDCG@10,500,0.3504891492957819
mooccubex,bge-base,triplet,dev,88,DPR-Random,MRR@10,500,0.3306952380952381
mooccubex,bge-base,triplet,dev,88,DPR-Random,MAP@100,500,0.2646948691746223
mooccubex,bge-base,triplet,dev,88,DPR-Random,Recall@100,500,0.9284589355089355
mooccubex,bge-base,triplet,dev,88,DenseNeg,NDCG@10,500,0.3792729014376714
mooccubex,bge-base,triplet,dev,88,DenseNeg,MRR@10,500,0.3792992063492064
mooccubex,bge-base,triplet,dev,88,DenseNeg,MAP@100,500,0.2859744197850988
mooccubex,bge-base,triplet,dev,88,DenseNeg,Recall@100,500,0.9372819624819625
mooccubex,bge-base,triplet,dev,99,CA-HNM-full,NDCG@10,500,0.1993447042234633
mooccubex,bge-base,triplet,dev,99,CA-HNM-full,MRR@10,500,0.21358968253968255
mooccubex,bge-base,triplet,dev,99,CA-HNM-full,MAP@100,500,0.16929383919786495
mooccubex,bge-base,triplet,dev,99,CA-HNM-full,Recall@100,500,0.5943134393384394
mooccubex,bge-base,triplet,dev,99,CA-HNM-rank-matched,NDCG@10,500,0.11018522531363059
mooccubex,bge-base,triplet,dev,99,CA-HNM-rank-matched,MRR@10,500,0.12402301587301588
mooccubex,bge-base,triplet,dev,99,CA-HNM-rank-matched,MAP@100,500,0.09123341544840437
mooccubex,bge-base,triplet,dev,99,CA-HNM-rank-matched,Recall@100,500,0.573234817959818
mooccubex,bge-base,triplet,dev,99,DPR-Random,NDCG@10,500,0.33156934899347756
mooccubex,bge-base,triplet,dev,99,DPR-Random,MRR@10,500,0.34456111111111115
mooccubex,bge-base,triplet,dev,99,DPR-Random,MAP@100,500,0.28319733279308973
mooccubex,bge-base,triplet,dev,99,DPR-Random,Recall@100,500,0.9223772921522921
mooccubex,bge-base,triplet,dev,99,DenseNeg,NDCG@10,500,0.36784548852029303
mooccubex,bge-base,triplet,dev,99,DenseNeg,MRR@10,500,0.3436563492063492
mooccubex,bge-base,triplet,dev,99,DenseNeg,MAP@100,500,0.27871402533080825
mooccubex,bge-base,triplet,dev,99,DenseNeg,Recall@100,500,0.9356265290265291
mooccubex,e5-base,cached-mnrl,dev,11,CA-HNM-full,NDCG@10,500,0.20231029212429336
mooccubex,e5-base,cached-mnrl,dev,11,CA-HNM-full,MRR@10,500,0.19137222222222222
mooccubex,e5-base,cached-mnrl,dev,11,CA-HNM-full,MAP@100,500,0.18571566607423468
mooccubex,e5-base,cached-mnrl,dev,11,CA-HNM-full,Recall@100,500,0.597973679098679
mooccubex,e5-base,cached-mnrl,dev,11,CA-HNM-rank-matched,NDCG@10,500,0.19987954657333643
mooccubex,e5-base,cached-mnrl,dev,11,CA-HNM-rank-matched,MRR@10,500,0.1966515873015873
mooccubex,e5-base,cached-mnrl,dev,11,CA-HNM-rank-matched,MAP@100,500,0.18432676967274464
mooccubex,e5-base,cached-mnrl,dev,11,CA-HNM-rank-matched,Recall@100,500,0.5730680708180709
mooccubex,e5-base,cached-mnrl,dev,11,DPR-Random,NDCG@10,500,0.402677505743613
mooccubex,e5-base,cached-mnrl,dev,11,DPR-Random,MRR@10,500,0.36593809523809523
mooccubex,e5-base,cached-mnrl,dev,11,DPR-Random,MAP@100,500,0.3606173436152627
mooccubex,e5-base,cached-mnrl,dev,11,DPR-Random,Recall@100,500,0.9068186702186702
mooccubex,e5-base,cached-mnrl,dev,11,DenseNeg,NDCG@10,500,0.3007145621477212
mooccubex,e5-base,cached-mnrl,dev,11,DenseNeg,MRR@10,500,0.29178571428571426
mooccubex,e5-base,cached-mnrl,dev,11,DenseNeg,MAP@100,500,0.2716930582149624
mooccubex,e5-base,cached-mnrl,dev,11,DenseNeg,Recall@100,500,0.6639384421134421
mooccubex,e5-base,cached-mnrl,dev,111,CA-HNM-full,NDCG@10,500,0.17428792645715185
mooccubex,e5-base,cached-mnrl,dev,111,CA-HNM-full,MRR@10,500,0.1678888888888889
mooccubex,e5-base,cached-mnrl,dev,111,CA-HNM-full,MAP@100,500,0.15552859329346977
mooccubex,e5-base,cached-mnrl,dev,111,CA-HNM-full,Recall@100,500,0.577322052947053
mooccubex,e5-base,cached-mnrl,dev,111,CA-HNM-rank-matched,NDCG@10,500,0.16565545171425758
mooccubex,e5-base,cached-mnrl,dev,111,CA-HNM-rank-matched,MRR@10,500,0.15150555555555556
mooccubex,e5-base,cached-mnrl,dev,111,CA-HNM-rank-matched,MAP@100,500,0.144394460501474
mooccubex,e5-base,cached-mnrl,dev,111,CA-HNM-rank-matched,Recall@100,500,0.5271557498057498
mooccubex,e5-base,cached-mnrl,dev,111,DPR-Random,NDCG@10,500,0.3581392124777916
mooccubex,e5-base,cached-mnrl,dev,111,DPR-Random,MRR@10,500,0.33163968253968257
mooccubex,e5-base,cached-mnrl,dev,111,DPR-Random,MAP@100,500,0.32222120259057135
mooccubex,e5-base,cached-mnrl,dev,111,DPR-Random,Recall@100,500,0.9003440670440671
mooccubex,e5-base,cached-mnrl,dev,111,DenseNeg,NDCG@10,500,0.2519017017026066
mooccubex,e5-base,cached-mnrl,dev,111,DenseNeg,MRR@10,500,0.2383436507936508
mooccubex,e5-base,cached-mnrl,dev,111,DenseNeg,MAP@100,500,0.22495451434940042
mooccubex,e5-base,cached-mnrl,dev,111,DenseNeg,Recall@100,500,0.6112881784881785
mooccubex,e5-base,cached-mnrl,dev,22,CA-HNM-full,NDCG@10,500,0.182326593861476
mooccubex,e5-base,cached-mnrl,dev,22,CA-HNM-full,MRR@10,500,0.1721547619047619
mooccubex,e5-base,cached-mnrl,dev,22,CA-HNM-full,MAP@100,500,0.16878529265937878
mooccubex,e5-base,cached-mnrl,dev,22,CA-HNM-full,Recall@100,500,0.5939656926406927
mooccubex,e5-base,cached-mnrl,dev,22,CA-HNM-rank-matched,NDCG@10,500,0.17440839051745077
mooccubex,e5-base,cached-mnrl,dev,22,CA-HNM-rank-matched,MRR@10,500,0.15860873015873017
mooccubex,e5-base,cached-mnrl,dev,22,CA-HNM-rank-matched,MAP@100,500,0.1549692660142412
mooccubex,e5-base,cached-mnrl,dev,22,CA-HNM-rank-matched,Recall@100,500,0.6053303030303031
mooccubex,e5-base,cached-mnrl,dev,22,DPR-Random,NDCG@10,500,0.36149348462938735
mooccubex,e5-base,cached-mnrl,dev,22,DPR-Random,MRR@10,500,0.3370896825396825
mooccubex,e5-base,cached-mnrl,dev,22,DPR-Random,MAP@100,500,0.32151971394360385
mooccubex,e5-base,cached-mnrl,dev,22,DPR-Random,Recall@100,500,0.9007003524253524
mooccubex,e5-base,cached-mnrl,dev,22,DenseNeg,NDCG@10,500,0.2749907778273327
mooccubex,e5-base,cached-mnrl,dev,22,DenseNeg,MRR@10,500,0.25203174603174605
mooccubex,e5-base,cached-mnrl,dev,22,DenseNeg,MAP@100,500,0.24056411474370898
mooccubex,e5-base,cached-mnrl,dev,22,DenseNeg,Recall@100,500,0.662634373959374
mooccubex,e5-base,cached-mnrl,dev,33,CA-HNM-full,NDCG@10,500,0.17871885854762085
mooccubex,e5-base,cached-mnrl,dev,33,CA-HNM-full,MRR@10,500,0.16675396825396827
mooccubex,e5-base,cached-mnrl,dev,33,CA-HNM-full,MAP@100,500,0.16152580719355805
mooccubex,e5-base,cached-mnrl,dev,33,CA-HNM-full,Recall@100,500,0.5527805999556
mooccubex,e5-base,cached-mnrl,dev,33,CA-HNM-rank-matched,NDCG@10,500,0.17465509177748012
mooccubex,e5-base,cached-mnrl,dev,33,CA-HNM-rank-matched,MRR@10,500,0.16504285714285716
mooccubex,e5-base,cached-mnrl,dev,33,CA-HNM-rank-matched,MAP@100,500,0.15915502717565896
mooccubex,e5-base,cached-mnrl,dev,33,CA-HNM-rank-matched,Recall@100,500,0.5628116827616827
mooccubex,e5-base,cached-mnrl,dev,33,DPR-Random,NDCG@10,500,0.35785860604782305
mooccubex,e5-base,cached-mnrl,dev,33,DPR-Random,MRR@10,500,0.3344063492063492
mooccubex,e5-base,cached-mnrl,dev,33,DPR-Random,MAP@100,500,0.33014612861779113
mooccubex,e5-base,cached-mnrl,dev,33,DPR-Random,Recall@100,500,0.9052943500943501
mooccubex,e5-base,cached-mnrl,dev,33,DenseNeg,NDCG@10,500,0.27001815271217294
mooccubex,e5-base,cached-mnrl,dev,33,DenseNeg,MRR@10,500,0.2564222222222222
mooccubex,e5-base,cached-mnrl,dev,33,DenseNeg,MAP@100,500,0.2416799124508253
mooccubex,e5-base,cached-mnrl,dev,33,DenseNeg,Recall@100,500,0.60416336996337
mooccubex,e5-base,cached-mnrl,dev,44,CA-HNM-full,NDCG@10,500,0.17965072617369715
mooccubex,e5-base,cached-mnrl,dev,44,CA-HNM-full,MRR@10,500,0.1747920634920635
mooccubex,e5-base,cached-mnrl,dev,44,CA-HNM-full,MAP@100,500,0.16089835319448037
mooccubex,e5-base,cached-mnrl,dev,44,CA-HNM-full,Recall@100,500,0.5699599872349872
mooccubex,e5-base,cached-mnrl,dev,44,CA-HNM-rank-matched,NDCG@10,500,0.16096434903842058
mooccubex,e5-base,cached-mnrl,dev,44,CA-HNM-rank-matched,MRR@10,500,0.1438595238095238
mooccubex,e5-base,cached-mnrl,dev,44,CA-HNM-rank-matched,MAP@100,500,0.14690634160039845
mooccubex,e5-base,cached-mnrl,dev,44,CA-HNM-rank-matched,Recall@100,500,0.5619165362415363
mooccubex,e5-base,cached-mnrl,dev,44,DPR-Random,NDCG@10,500,0.354331104054161
mooccubex,e5-base,cached-mnrl,dev,44,DPR-Random,MRR@10,500,0.3328174603174603
mooccubex,e5-base,cached-mnrl,dev,44,DPR-Random,MAP@100,500,0.32605589072380586
mooccubex,e5-base,cached-mnrl,dev,44,DPR-Random,Recall@100,500,0.9193000999000999
mooccubex,e5-base,cached-mnrl,dev,44,DenseNeg,NDCG@10,500,0.24514162620808777
mooccubex,e5-base,cached-mnrl,dev,44,DenseNeg,MRR@10,500,0.23962539682539682
mooccubex,e5-base,cached-mnrl,dev,44,DenseNeg,MAP@100,500,0.22164519443548977
mooccubex,e5-base,cached-mnrl,dev,44,DenseNeg,Recall@100,500,0.5969502331002331
mooccubex,e5-base,cached-mnrl,dev,55,CA-HNM-full,NDCG@10,500,0.19589148562810127
mooccubex,e5-base,cached-mnrl,dev,55,CA-HNM-full,MRR@10,500,0.18717777777777778
mooccubex,e5-base,cached-mnrl,dev,55,CA-HNM-full,MAP@100,500,0.18566164386149328
mooccubex,e5-base,cached-mnrl,dev,55,CA-HNM-full,Recall@100,500,0.5819765207015207
mooccubex,e5-base,cached-mnrl,dev,55,CA-HNM-rank-matched,NDCG@10,500,0.19568552586781568
mooccubex,e5-base,cached-mnrl,dev,55,CA-HNM-rank-matched,MRR@10,500,0.18617777777777778
mooccubex,e5-base,cached-mnrl,dev,55,CA-HNM-rank-matched,MAP@100,500,0.17968260129395935
mooccubex,e5-base,cached-mnrl,dev,55,CA-HNM-rank-matched,Recall@100,500,0.5995300172050172
mooccubex,e5-base,cached-mnrl,dev,55,DPR-Random,NDCG@10,500,0.3528119009166566
mooccubex,e5-base,cached-mnrl,dev,55,DPR-Random,MRR@10,500,0.3278531746031746
mooccubex,e5-base,cached-mnrl,dev,55,DPR-Random,MAP@100,500,0.32241983652053885
mooccubex,e5-base,cached-mnrl,dev,55,DPR-Random,Recall@100,500,0.9127222721722721
mooccubex,e5-base,cached-mnrl,dev,55,DenseNeg,NDCG@10,500,0.2744681650512311
mooccubex,e5-base,cached-mnrl,dev,55,DenseNeg,MRR@10,500,0.2545277777777778
mooccubex,e5-base,cached-mnrl,dev,55,DenseNeg,MAP@100,500,0.24233317646634162
mooccubex,e5-base,cached-mnrl,dev,55,DenseNeg,Recall@100,500,0.6477068403818403
mooccubex,e5-base,cached-mnrl,dev,66,CA-HNM-full,NDCG@10,500,0.16722295010021057
mooccubex,e5-base,cached-mnrl,dev,66,CA-HNM-full,MRR@10,500,0.15198333333333333
mooccubex,e5-base,cached-mnrl,dev,66,CA-HNM-full,MAP@100,500,0.1502339104778834
mooccubex,e5-base,cached-mnrl,dev,66,CA-HNM-full,Recall@100,500,0.5546066489066489
mooccubex,e5-base,cached-mnrl,dev,66,CA-HNM-rank-matched,NDCG@10,500,0.16493710388726673
mooccubex,e5-base,cached-mnrl,dev,66,CA-HNM-rank-matched,MRR@10,500,0.15343968253968254
mooccubex,e5-base,cached-mnrl,dev,66,CA-HNM-rank-matched,MAP@100,500,0.14601479917435495
mooccubex,e5-base,cached-mnrl,dev,66,CA-HNM-rank-matched,Recall@100,500,0.5653978021978022
mooccubex,e5-base,cached-mnrl,dev,66,DPR-Random,NDCG@10,500,0.36979341992462783
mooccubex,e5-base,cached-mnrl,dev,66,DPR-Random,MRR@10,500,0.33666031746031744
mooccubex,e5-base,cached-mnrl,dev,66,DPR-Random,MAP@100,500,0.3338285516947265
mooccubex,e5-base,cached-mnrl,dev,66,DPR-Random,Recall@100,500,0.9064753024753024
mooccubex,e5-base,cached-mnrl,dev,66,DenseNeg,NDCG@10,500,0.2452316939614726
mooccubex,e5-base,cached-mnrl,dev,66,DenseNeg,MRR@10,500,0.2281706349206349
mooccubex,e5-base,cached-mnrl,dev,66,DenseNeg,MAP@100,500,0.21989646249390413
mooccubex,e5-base,cached-mnrl,dev,66,DenseNeg,Recall@100,500,0.5918168109668109
mooccubex,e5-base,cached-mnrl,dev,77,CA-HNM-full,NDCG@10,500,0.16169687431873975
mooccubex,e5-base,cached-mnrl,dev,77,CA-HNM-full,MRR@10,500,0.15196190476190474
mooccubex,e5-base,cached-mnrl,dev,77,CA-HNM-full,MAP@100,500,0.15361871211638625
mooccubex,e5-base,cached-mnrl,dev,77,CA-HNM-full,Recall@100,500,0.5854442751692752
mooccubex,e5-base,cached-mnrl,dev,77,CA-HNM-rank-matched,NDCG@10,500,0.17431613208316166
mooccubex,e5-base,cached-mnrl,dev,77,CA-HNM-rank-matched,MRR@10,500,0.16638015873015874
mooccubex,e5-base,cached-mnrl,dev,77,CA-HNM-rank-matched,MAP@100,500,0.16055038408515185
mooccubex,e5-base,cached-mnrl,dev,77,CA-HNM-rank-matched,Recall@100,500,0.5622367021867022
mooccubex,e5-base,cached-mnrl,dev,77,DPR-Random,NDCG@10,500,0.36008578909422445
mooccubex,e5-base,cached-mnrl,dev,77,DPR-Random,MRR@10,500,0.3275420634920635
mooccubex,e5-base,cached-mnrl,dev,77,DPR-Random,MAP@100,500,0.32682405322873653
mooccubex,e5-base,cached-mnrl,dev,77,DPR-Random,Recall@100,500,0.9223596958596959
mooccubex,e5-base,cached-mnrl,dev,77,DenseNeg,NDCG@10,500,0.2930095806561733
mooccubex,e5-base,cached-mnrl,dev,77,DenseNeg,MRR@10,500,0.27522301587301584
mooccubex,e5-base,cached-mnrl,dev,77,DenseNeg,MAP@100,500,0.2577133727985775
mooccubex,e5-base,cached-mnrl,dev,77,DenseNeg,Recall@100,500,0.6474490648240648
mooccubex,e5-base,cached-mnrl,dev,88,CA-HNM-full,NDCG@10,500,0.1842009823456611
mooccubex,e5-base,cached-mnrl,dev,88,CA-HNM-full,MRR@10,500,0.16684920634920636
mooccubex,e5-base,cached-mnrl,dev,88,CA-HNM-full,MAP@100,500,0.16717128089038727
mooccubex,e5-base,cached-mnrl,dev,88,CA-HNM-full,Recall@100,500,0.6024803224553225
mooccubex,e5-base,cached-mnrl,dev,88,CA-HNM-rank-matched,NDCG@10,500,0.1712527437796115
mooccubex,e5-base,cached-mnrl,dev,88,CA-HNM-rank-matched,MRR@10,500,0.14990873015873016
mooccubex,e5-base,cached-mnrl,dev,88,CA-HNM-rank-matched,MAP@100,500,0.15195147733428402
mooccubex,e5-base,cached-mnrl,dev,88,CA-HNM-rank-matched,Recall@100,500,0.5363187423687424
mooccubex,e5-base,cached-mnrl,dev,88,DPR-Random,NDCG@10,500,0.37014016200689415
mooccubex,e5-base,cached-mnrl,dev,88,DPR-Random,MRR@10,500,0.3370126984126984
mooccubex,e5-base,cached-mnrl,dev,88,DPR-Random,MAP@100,500,0.3289934031014726
mooccubex,e5-base,cached-mnrl,dev,88,DPR-Random,Recall@100,500,0.9138761682761684
mooccubex,e5-base,cached-mnrl,dev,88,DenseNeg,NDCG@10,500,0.23447055222680252
mooccubex,e5-base,cached-mnrl,dev,88,DenseNeg,MRR@10,500,0.23028333333333334
mooccubex,e5-base,cached-mnrl,dev,88,DenseNeg,MAP@100,500,0.21657483405565892
mooccubex,e5-base,cached-mnrl,dev,88,DenseNeg,Recall@100,500,0.6396739621489621
mooccubex,e5-base,cached-mnrl,dev,99,CA-HNM-full,NDCG@10,500,0.15877343245137251
mooccubex,e5-base,cached-mnrl,dev,99,CA-HNM-full,MRR@10,500,0.15138730158730157
mooccubex,e5-base,cached-mnrl,dev,99,CA-HNM-full,MAP@100,500,0.14625481643853902
mooccubex,e5-base,cached-mnrl,dev,99,CA-HNM-full,Recall@100,500,0.5146658674658674
mooccubex,e5-base,cached-mnrl,dev,99,CA-HNM-rank-matched,NDCG@10,500,0.1685728119299784
mooccubex,e5-base,cached-mnrl,dev,99,CA-HNM-rank-matched,MRR@10,500,0.16012777777777776
mooccubex,e5-base,cached-mnrl,dev,99,CA-HNM-rank-matched,MAP@100,500,0.15492419896182966
mooccubex,e5-base,cached-mnrl,dev,99,CA-HNM-rank-matched,Recall@100,500,0.5313407203907204
mooccubex,e5-base,cached-mnrl,dev,99,DPR-Random,NDCG@10,500,0.3744141729850169
mooccubex,e5-base,cached-mnrl,dev,99,DPR-Random,MRR@10,500,0.35969285714285715
mooccubex,e5-base,cached-mnrl,dev,99,DPR-Random,MAP@100,500,0.34135753677704994
mooccubex,e5-base,cached-mnrl,dev,99,DPR-Random,Recall@100,500,0.9106874736374737
mooccubex,e5-base,cached-mnrl,dev,99,DenseNeg,NDCG@10,500,0.25928904454134094
mooccubex,e5-base,cached-mnrl,dev,99,DenseNeg,MRR@10,500,0.24927777777777776
mooccubex,e5-base,cached-mnrl,dev,99,DenseNeg,MAP@100,500,0.2375037603216158
mooccubex,e5-base,cached-mnrl,dev,99,DenseNeg,Recall@100,500,0.6511972111222111
mooccubex,e5-base,triplet,dev,11,CA-HNM-full,NDCG@10,500,0.15147925062095782
mooccubex,e5-base,triplet,dev,11,CA-HNM-full,MRR@10,500,0.18616031746031747
mooccubex,e5-base,triplet,dev,11,CA-HNM-full,MAP@100,500,0.11336861070248654
mooccubex,e5-base,triplet,dev,11,CA-HNM-full,Recall@100,500,0.48240555000555
mooccubex,e5-base,triplet,dev,11,CA-HNM-rank-matched,NDCG@10,500,0.04923250731516739
mooccubex,e5-base,triplet,dev,11,CA-HNM-rank-matched,MRR@10,500,0.04243174603174603
mooccubex,e5-base,triplet,dev,11,CA-HNM-rank-matched,MAP@100,500,0.042394230998877534
mooccubex,e5-base,triplet,dev,11,CA-HNM-rank-matched,Recall@100,500,0.34997630702630705
mooccubex,e5-base,triplet,dev,11,DPR-Random,NDCG@10,500,0.39756597384187614
mooccubex,e5-base,triplet,dev,11,DPR-Random,MRR@10,500,0.38907619047619046
mooccubex,e5-base,triplet,dev,11,DPR-Random,MAP@100,500,0.30733805245118284
mooccubex,e5-base,triplet,dev,11,DPR-Random,Recall@100,500,0.9215385864135863
mooccubex,e5-base,triplet,dev,11,DenseNeg,NDCG@10,500,0.18585489352176254
mooccubex,e5-base,triplet,dev,11,DenseNeg,MRR@10,500,0.22328174603174603
mooccubex,e5-base,triplet,dev,11,DenseNeg,MAP@100,500,0.13900432810806643
mooccubex,e5-base,triplet,dev,11,DenseNeg,Recall@100,500,0.532853885003885
mooccubex,e5-base,triplet,dev,111,CA-HNM-full,NDCG@10,500,0.09686021514170587
mooccubex,e5-base,triplet,dev,111,CA-HNM-full,MRR@10,500,0.11009285714285715
mooccubex,e5-base,triplet,dev,111,CA-HNM-full,MAP@100,500,0.07342327375764286
mooccubex,e5-base,triplet,dev,111,CA-HNM-full,Recall@100,500,0.3523509324009324
mooccubex,e5-base,triplet,dev,111,CA-HNM-rank-matched,NDCG@10,500,0.06812832849640152
mooccubex,e5-base,triplet,dev,111,CA-HNM-rank-matched,MRR@10,500,0.0675079365079365
mooccubex,e5-base,triplet,dev,111,CA-HNM-rank-matched,MAP@100,500,0.0527108193748738
mooccubex,e5-base,triplet,dev,111,CA-HNM-rank-matched,Recall@100,500,0.35231913086913086
mooccubex,e5-base,triplet,dev,111,DPR-Random,NDCG@10,500,0.40906094461698767
mooccubex,e5-base,triplet,dev,111,DPR-Random,MRR@10,500,0.3909261904761905
mooccubex,e5-base,triplet,dev,111,DPR-Random,MAP@100,500,0.2972201517448142
mooccubex,e5-base,triplet,dev,111,DPR-Random,Recall@100,500,0.9283548368298368
mooccubex,e5-base,triplet,dev,111,DenseNeg,NDCG@10,500,0.14911255006421065
mooccubex,e5-base,triplet,dev,111,DenseNeg,MRR@10,500,0.13769603174603173
mooccubex,e5-base,triplet,dev,111,DenseNeg,MAP@100,500,0.11295446961287131
mooccubex,e5-base,triplet,dev,111,DenseNeg,Recall@100,500,0.5665289238539238
mooccubex,e5-base,triplet,dev,22,CA-HNM-full,NDCG@10,500,0.11892318643196441
mooccubex,e5-base,triplet,dev,22,CA-HNM-full,MRR@10,500,0.1519547619047619
mooccubex,e5-base,triplet,dev,22,CA-HNM-full,MAP@100,500,0.09914602064316862
mooccubex,e5-base,triplet,dev,22,CA-HNM-full,Recall@100,500,0.39080907148407146
mooccubex,e5-base,triplet,dev,22,CA-HNM-rank-matched,NDCG@10,500,0.08917249529497552
mooccubex,e5-base,triplet,dev,22,CA-HNM-rank-matched,MRR@10,500,0.07445
mooccubex,e5-base,triplet,dev,22,CA-HNM-rank-matched,MAP@100,500,0.06269607449737373
mooccubex,e5-base,triplet,dev,22,CA-HNM-rank-matched,Recall@100,500,0.3893357087357088
mooccubex,e5-base,triplet,dev,22,DPR-Random,NDCG@10,500,0.36203653228046384
mooccubex,e5-base,triplet,dev,22,DPR-Random,MRR@10,500,0.34010873015873017
mooccubex,e5-base,triplet,dev,22,DPR-Random,MAP@100,500,0.2637099298102968
mooccubex,e5-base,triplet,dev,22,DPR-Random,Recall@100,500,0.9090107309357309
mooccubex,e5-base,triplet,dev,22,DenseNeg,NDCG@10,500,0.17414064121758388
mooccubex,e5-base,triplet,dev,22,DenseNeg,MRR@10,500,0.19747222222222222
mooccubex,e5-base,triplet,dev,22,DenseNeg,MAP@100,500,0.1214790481510773
mooccubex,e5-base,triplet,dev,22,DenseNeg,Recall@100,500,0.5269488067488067
mooccubex,e5-base,triplet,dev,33,CA-HNM-full,NDCG@10,500,0.08404186529438044
mooccubex,e5-base,triplet,dev,33,CA-HNM-full,MRR@10,500,0.09557698412698414
mooccubex,e5-base,triplet,dev,33,CA-HNM-full,MAP@100,500,0.059909832264837766
mooccubex,e5-base,triplet,dev,33,CA-HNM-full,Recall@100,500,0.3756899655899656
mooccubex,e5-base,triplet,dev,33,CA-HNM-rank-matched,NDCG@10,500,0.06322193614494229
mooccubex,e5-base,triplet,dev,33,CA-HNM-rank-matched,MRR@10,500,0.048003174603174596
mooccubex,e5-base,triplet,dev,33,CA-HNM-rank-matched,MAP@100,500,0.046946230925119375
mooccubex,e5-base,triplet,dev,33,CA-HNM-rank-matched,Recall@100,500,0.36439511877011876
mooccubex,e5-base,triplet,dev,33,DPR-Random,NDCG@10,500,0.3882453346670854
mooccubex,e5-base,triplet,dev,33,DPR-Random,MRR@10,500,0.3929738095238095
mooccubex,e5-base,triplet,dev,33,DPR-Random,MAP@100,500,0.2985167441101561
mooccubex,e5-base,triplet,dev,33,DPR-Random,Recall@100,500,0.9065150016650017
mooccubex,e5-base,triplet,dev,33,DenseNeg,NDCG@10,500,0.24200195056134402
mooccubex,e5-base,triplet,dev,33,DenseNeg,MRR@10,500,0.2845769841269841
mooccubex,e5-base,triplet,dev,33,DenseNeg,MAP@100,500,0.17625675757439108
mooccubex,e5-base,triplet,dev,33,DenseNeg,Recall@100,500,0.6212099261849262
mooccubex,e5-base,triplet,dev,44,CA-HNM-full,NDCG@10,500,0.0865947000307805
mooccubex,e5-base,triplet,dev,44,CA-HNM-full,MRR@10,500,0.0790388888888889
mooccubex,e5-base,triplet,dev,44,CA-HNM-full,MAP@100,500,0.06551439989859208
mooccubex,e5-base,triplet,dev,44,CA-HNM-full,Recall@100,500,0.41791320346320343
mooccubex,e5-base,triplet,dev,44,CA-HNM-rank-matched,NDCG@10,500,0.0755511287147619
mooccubex,e5-base,triplet,dev,44,CA-HNM-rank-matched,MRR@10,500,0.08015396825396826
mooccubex,e5-base,triplet,dev,44,CA-HNM-rank-matched,MAP@100,500,0.05983075912705345
mooccubex,e5-base,triplet,dev,44,CA-HNM-rank-matched,Recall@100,500,0.3826454267954268
mooccubex,e5-base,triplet,dev,44,DPR-Random,NDCG@10,500,0.384900095464349
mooccubex,e5-base,triplet,dev,44,DPR-Random,MRR@10,500,0.40280873015873014
mooccubex,e5-base,triplet,dev,44,DPR-Random,MAP@100,500,0.31089916538795775
mooccubex,e5-base,triplet,dev,44,DPR-Random,Recall@100,500,0.9266033216783217
mooccubex,e5-base,triplet,dev,44,DenseNeg,NDCG@10,500,0.19249869063895364
mooccubex,e5-base,triplet,dev,44,DenseNeg,MRR@10,500,0.19723174603174604
mooccubex,e5-base,triplet,dev,44,DenseNeg,MAP@100,500,0.14497644702218349
mooccubex,e5-base,triplet,dev,44,DenseNeg,Recall@100,500,0.545878243978244
mooccubex,e5-base,triplet,dev,55,CA-HNM-full,NDCG@10,500,0.08864215068122071
mooccubex,e5-base,triplet,dev,55,CA-HNM-full,MRR@10,500,0.09962063492063492
mooccubex,e5-base,triplet,dev,55,CA-HNM-full,MAP@100,500,0.06642389714223873
mooccubex,e5-base,triplet,dev,55,CA-HNM-full,Recall@100,500,0.39223600566100564
mooccubex,e5-base,triplet,dev,55,CA-HNM-rank-matched,NDCG@10,500,0.10558250541109453
mooccubex,e5-base,triplet,dev,55,CA-HNM-rank-matched,MRR@10,500,0.0983484126984127
mooccubex,e5-base,triplet,dev,55,CA-HNM-rank-matched,MAP@100,500,0.0829016958222875
mooccubex,e5-base,triplet,dev,55,CA-HNM-rank-matched,Recall@100,500,0.36566885614385614
mooccubex,e5-base,triplet,dev,55,DPR-Random,NDCG@10,500,0.35852193438074853
mooccubex,e5-base,triplet,dev,55,DPR-Random,MRR@10,500,0.3808365079365079
mooccubex,e5-base,triplet,dev,55,DPR-Random,MAP@100,500,0.28523132112251043
mooccubex,e5-base,triplet,dev,55,DPR-Random,Recall@100,500,0.9263422105672106
mooccubex,e5-base,triplet,dev,55,DenseNeg,NDCG@10,500,0.14895501136398387
mooccubex,e5-base,triplet,dev,55,DenseNeg,MRR@10,500,0.14498095238095238
mooccubex,e5-base,triplet,dev,55,DenseNeg,MAP@100,500,0.11245114781507841
mooccubex,e5-base,triplet,dev,55,DenseNeg,Recall@100,500,0.557930574980575
mooccubex,e5-base,triplet,dev,66,CA-HNM-full,NDCG@10,500,0.09503907824580325
mooccubex,e5-base,triplet,dev,66,CA-HNM-full,MRR@10,500,0.12571984126984126
mooccubex,e5-base,triplet,dev,66,CA-HNM-full,MAP@100,500,0.06961376380434128
mooccubex,e5-base,triplet,dev,66,CA-HNM-full,Recall@100,500,0.33237438672438674
mooccubex,e5-base,triplet,dev,66,CA-HNM-rank-matched,NDCG@10,500,0.07995062259583302
mooccubex,e5-base,triplet,dev,66,CA-HNM-rank-matched,MRR@10,500,0.08876190476190476
mooccubex,e5-base,triplet,dev,66,CA-HNM-rank-matched,MAP@100,500,0.0643801790265233
mooccubex,e5-base,triplet,dev,66,CA-HNM-rank-matched,Recall@100,500,0.36339306249306247
mooccubex,e5-base,triplet,dev,66,DPR-Random,NDCG@10,500,0.42834913778459777
mooccubex,e5-base,triplet,dev,66,DPR-Random,MRR@10,500,0.41491746031746035
mooccubex,e5-base,triplet,dev,66,DPR-Random,MAP@100,500,0.313358869435396
mooccubex,e5-base,triplet,dev,66,DPR-Random,Recall@100,500,0.906854612054612
mooccubex,e5-base,triplet,dev,66,DenseNeg,NDCG@10,500,0.15244829344414396
mooccubex,e5-base,triplet,dev,66,DenseNeg,MRR@10,500,0.16398333333333331
mooccubex,e5-base,triplet,dev,66,DenseNeg,MAP@100,500,0.1074711570986149
mooccubex,e5-base,triplet,dev,66,DenseNeg,Recall@100,500,0.5549390082140082
mooccubex,e5-base,triplet,dev,77,CA-HNM-full,NDCG@10,500,0.0778469809467366
mooccubex,e5-base,triplet,dev,77,CA-HNM-full,MRR@10,500,0.10019603174603176
mooccubex,e5-base,triplet,dev,77,CA-HNM-full,MAP@100,500,0.05376687526472826
mooccubex,e5-base,triplet,dev,77,CA-HNM-full,Recall@100,500,0.38779496059496055
mooccubex,e5-base,triplet,dev,77,CA-HNM-rank-matched,NDCG@10,500,0.07531547273988402
mooccubex,e5-base,triplet,dev,77,CA-HNM-rank-matched,MRR@10,500,0.08116984126984127
mooccubex,e5-base,triplet,dev,77,CA-HNM-rank-matched,MAP@100,500,0.05960248638303067
mooccubex,e5-base,triplet,dev,77,CA-HNM-rank-matched,Recall@100,500,0.35407077367077366
mooccubex,e5-base,triplet,dev,77,DPR-Random,NDCG@10,500,0.34341117431049795
mooccubex,e5-base,triplet,dev,77,DPR-Random,MRR@10,500,0.3597095238095238
mooccubex,e5-base,triplet,dev,77,DPR-Random,MAP@100,500,0.2608659197871229
mooccubex,e5-base,triplet,dev,77,DPR-Random,Recall@100,500,0.9103789627039627
mooccubex,e5-base,triplet,dev,77,DenseNeg,NDCG@10,500,0.1597083158861242
mooccubex,e5-base,triplet,dev,77,DenseNeg,MRR@10,500,0.18787857142857142
mooccubex,e5-base,triplet,dev,77,DenseNeg,MAP@100,500,0.11813270017235822
mooccubex,e5-base,triplet,dev,77,DenseNeg,Recall@100,500,0.5334749250749251
mooccubex,e5-base,triplet,dev,88,CA-HNM-full,NDCG@10,500,0.09950269028641731
mooccubex,e5-base,triplet,dev,88,CA-HNM-full,MRR@10,500,0.09163492063492064
mooccubex,e5-base,triplet,dev,88,CA-HNM-full,MAP@100,500,0.08210481750970569
mooccubex,e5-base,triplet,dev,88,CA-HNM-full,Recall@100,500,0.3764659701409701
mooccubex,e5-base,triplet,dev,88,CA-HNM-rank-matched,NDCG@10,500,0.03860367369930687
mooccubex,e5-base,triplet,dev,88,CA-HNM-rank-matched,MRR@10,500,0.04431825396825397
mooccubex,e5-base,triplet,dev,88,CA-HNM-rank-matched,MAP@100,500,0.031339164009811536
mooccubex,e5-base,triplet,dev,88,CA-HNM-rank-matched,Recall@100,500,0.34454259906759904
mooccubex,e5-base,triplet,dev,88,DPR-Random,NDCG@10,500,0.4400251000932653
mooccubex,e5-base,triplet,dev,88,DPR-Random,MRR@10,500,0.45081190476190475
mooccubex,e5-base,triplet,dev,88,DPR-Random,MAP@100,500,0.32596933124407107
mooccubex,e5-base,triplet,dev,88,DPR-Random,Recall@100,500,0.9141624070374071
mooccubex,e5-base,triplet,dev,88,DenseNeg,NDCG@10,500,0.23182767554063816
mooccubex,e5-base,triplet,dev,88,DenseNeg,MRR@10,500,0.29255793650793654
mooccubex,e5-base,triplet,dev,88,DenseNeg,MAP@100,500,0.1780966723642395
mooccubex,e5-base,triplet,dev,88,DenseNeg,Recall@100,500,0.5587995199245199
mooccubex,e5-base,triplet,dev,99,CA-HNM-full,NDCG@10,500,0.06315541766619891
mooccubex,e5-base,triplet,dev,99,CA-HNM-full,MRR@10,500,0.09832380952380954
mooccubex,e5-base,triplet,dev,99,CA-HNM-full,MAP@100,500,0.04413366588161934
mooccubex,e5-base,triplet,dev,99,CA-HNM-full,Recall@100,500,0.2475200577200577
mooccubex,e5-base,triplet,dev,99,CA-HNM-rank-matched,NDCG@10,500,0.048996112163285845
mooccubex,e5-base,triplet,dev,99,CA-HNM-rank-matched,MRR@10,500,0.04991746031746032
mooccubex,e5-base,triplet,dev,99,CA-HNM-rank-matched,MAP@100,500,0.03284176562943013
mooccubex,e5-base,triplet,dev,99,CA-HNM-rank-matched,Recall@100,500,0.3626289627039627
mooccubex,e5-base,triplet,dev,99,DPR-Random,NDCG@10,500,0.4180669388183497
mooccubex,e5-base,triplet,dev,99,DPR-Random,MRR@10,500,0.44037539682539684
mooccubex,e5-base,triplet,dev,99,DPR-Random,MAP@100,500,0.31866674274676254
mooccubex,e5-base,triplet,dev,99,DPR-Random,Recall@100,500,0.9078681041181041
mooccubex,e5-base,triplet,dev,99,DenseNeg,NDCG@10,500,0.11845541036277259
mooccubex,e5-base,triplet,dev,99,DenseNeg,MRR@10,500,0.1162579365079365
mooccubex,e5-base,triplet,dev,99,DenseNeg,MAP@100,500,0.09662272586601318
mooccubex,e5-base,triplet,dev,99,DenseNeg,Recall@100,500,0.49571651959151963
